UnitID,2019,2018,2017,2016,2015,2014,2013,2012,2011,2010
177834,,,,,,,,,,
180203,44,34,64,63,48,42,54,52,65,50
222178,79,77,77,76,79,75,79,75,75,71
138558,63,64,66,64,61,59,60,53,50,68
451079,,,,,,,,,,
457271,,,,,,,,,,
108269,,,,,,,,,,
210508,,,,,,,,,,
384306,,,,,,,,,,
126182,59,54,62,61,53,58,56,59,54,62
188429,79,80,80,83,84,83,81,82,81,82
374024,,,,,,,,,,
142832,,,,,,,,,,
168528,64,71,64,69,71,60,58,67,70,70
133872,61,66,79,68,56,70,71,50,93,63
138600,85,79,87,85,87,82,83,82,83,79
200697,,,,,,,,,,
100654,57,61,59,58,58,66,63,68,64,75
483975,,,,,,,,,,
100724,61,59,59,63,60,57,62,62,54,64
102580,43,100,100,40,67,33,60,50,60,63
102669,72,81,78,51,56,77,67,65,76,67
188526,72,81,80,82,88,80,81,83,79,72
188535,,,,,,,,,,
188580,,,,,,,,,,
138716,61,62,71,67,78,69,70,67,65,72
385415,,,,,,,,,,
128498,67,68,69,70,68,84,93,63,76,72
168546,80,75,79,82,80,84,81,73,84,79
132842,60,87,71,60,50,56,100,63,68,85
241331,85,65,100,100,,,,,,
210571,69,68,69,71,78,76,71,74,74,75
175342,80,73,75,72,76,76,68,69,67,69
495192,,,,,,,,,,
237118,50,51,57,55,55,56,58,66,67,65
188641,73,73,68,76,75,75,75,68,73,77
156189,60,48,81,84,64,75,63,49,53,59
210669,86,82,81,83,83,83,85,89,87,86
200873,58,67,89,90,67,80,45,38,73,39
152798,,,,,,100,,,,
217624,56,37,36,48,39,50,45,61,36,43
168591,77,79,77,80,84,79,79,80,81,76
168607,61,65,65,62,58,61,58,60,59,61
210775,72,74,77,82,76,77,71,75,72,72
238193,71,68,71,72,69,74,72,73,70,69
222628,,,,,,,,,,
490081,,,50,,,,,,,
142887,78,78,75,76,72,72,81,78,72,74
219505,77,67,62,73,67,67,60,50,60,70
210809,,,,,,,,,,
485698,64,,,,,,,,,
109086,,,,,,,,,,
108870,,,,,,,,,,
164447,69,64,60,69,72,69,65,61,65,64
142957,,,50,50,100,,,,,
116846,,70,50,88,50,86,83,75,65,100
188854,80,73,72,80,75,81,83,79,95,83
240736,,,,67,100,100,100,31,64,64
131159,87,88,90,90,88,89,88,90,90,91
241100,59,67,56,51,56,66,59,78,80,70
241128,64,74,67,47,55,67,67,81,76,68
164465,97,96,97,96,98,98,98,98,98,96
100690,,,,9,67,0,38,75,75,80
151865,,,,,,,,,,
150066,69,64,73,77,75,75,73,75,79,70
217633,80,79,75,75,73,77,73,77,72,68
138761,75,50,,43,59,47,44,40,53,47
168740,87,82,88,87,80,79,79,79,78,77
222831,69,67,67,67,63,62,55,59,61,63
164492,65,63,69,67,65,66,69,61,61,53
109350,,,,,72,75,74,72,73,70
483018,68,47,58,57,81,92,89,,,
458113,,,33,100,100,100,50,86,71,71
485908,,,,,,,,,,
245838,,,,,,,,,,
245892,,,,,,,,,,
245865,,,,,,,,,,
442392,,,,,,,,,,
245847,,,,,,,,,,
245883,,,,,,,0,8,0,0
237136,74,85,85,92,76,73,60,74,63,67
449922,,,,,,,,,,
432348,,,,,,,,,,
197869,88,87,89,87,86,88,87,88,88,87
168786,78,77,74,77,81,78,76,77,75,74
176600,,,,,,,,,,
126289,,,58,53,59,51,55,50,50,55
211088,80,78,78,77,79,82,85,79,76,75
105899,56,59,66,62,55,72,68,67,59,72
104151,88,88,87,86,86,86,84,80,84,84
483124,74,73,73,68,71,72,72,,,
448886,85,86,86,84,83,84,84,,,
420574,87,81,85,85,85,82,84,,,
407009,86,83,88,87,85,86,84,,,
106306,36,50,40,44,25,36,39,41,34,51
488527,,,,,,,,,,
106458,75,76,73,75,76,75,73,70,71,71
106467,70,70,72,69,71,67,69,67,68,74
222877,51,33,40,39,45,44,50,34,46,71
201061,62,47,69,55,72,67,71,74,71,69
109651,81,83,80,81,76,76,80,82,77,68
156222,,,,,,,,,,
156213,82,81,85,82,81,81,80,84,80,75
201104,75,78,77,80,75,77,74,71,72,69
188942,32,33,81,96,92,58,82,42,53,23
164562,84,83,82,82,83,83,83,81,86,82
440651,72,73,72,55,88,73,40,,,
201140,,,,,,,,,,89
100812,,,,,,,,,,
138901,55,27,71,60,50,75,80,,67,52
439446,,,,,,,,,,
241216,79,76,72,86,82,88,72,81,81,74
100858,91,90,92,91,90,91,89,90,89,87
100830,66,67,68,67,65,65,63,59,50,54
173045,72,72,77,77,79,75,82,79,78,83
482149,72,73,73,75,75,69,68,,,
143084,83,88,87,89,86,83,85,84,88,88
219000,82,85,86,84,84,80,80,83,83,86
201177,70,78,,,,,,100,100,60
143118,73,75,73,69,71,71,73,70,73,73
222983,78,82,81,83,83,86,83,77,84,84
222992,,,58,55,56,56,56,54,53,56
247825,,,,,,,,,,
219602,66,67,69,66,71,72,66,67,69,69
223001,,,,,,,,,,
442295,,,,,,,,,,
446048,74,72,68,74,72,74,70,72,72,70
231420,68,63,62,55,70,55,67,60,58,57
449931,50,100,100,0,,100,,,,100
176628,74,68,69,65,74,71,70,66,65,75
109785,80,81,83,86,88,85,82,83,88,86
164580,95,95,96,95,96,94,95,94,94,92
206817,62,11,43,39,32,52,33,47,31,50
128586,75,71,64,44,40,80,82,56,68,80
476601,50,80,85,59,71,67,59,73,,
245777,100,,,,,,100,100,0,50
490513,68,71,75,,,,,,,
495031,,,,,,,,,,
449658,71,79,80,96,81,86,89,96,81,88
168847,49,49,45,49,49,42,51,58,48,58
154688,75,81,68,80,77,80,76,75,77,82
109819,,,,,70,70,71,73,71,73
420705,,,,,,,,,,
201195,81,82,78,80,83,81,79,82,81,82
150136,75,78,78,81,82,81,78,77,79,80
189015,,,,,,,,,,
176664,69,59,62,59,74,69,65,61,67,66
219639,65,81,72,75,59,73,74,83,83,78
223117,,,,,,,,100,,
444398,78,73,32,65,53,73,62,56,60,58
155070,65,62,65,62,54,62,58,71,76,80
189088,85,85,83,86,85,88,88,86,88,90
167792,77,66,77,84,78,80,68,71,80,75
189097,95,95,95,96,95,95,98,97,94,94
177719,,,,,,,,,,
132471,65,62,61,65,65,62,60,62,56,63
197911,66,72,63,72,67,74,69,71,68,61
235547,,,,,,,,,,
160977,94,94,95,95,95,95,92,95,93,92
380359,75,,65,54,57,67,55,44,49,55
164632,68,80,70,72,80,77,72,74,76,69
223223,,,,,,,,,,
223232,88,89,90,89,89,89,88,87,85,82
476717,93,97,93,99,93,97,86,89,,
384254,71,73,68,88,75,80,69,79,86,75
164720,78,73,73,68,74,67,64,65,64,61
444413,89,94,79,86,72,75,67,73,85,82
175421,64,67,63,67,67,66,60,72,63,72
156286,80,79,72,80,81,80,80,81,78,83
234669,,,,,,,,,,70
180814,78,77,74,55,63,48,50,17,50,38
238324,88,79,86,64,73,88,75,100,76,75
234696,,,,,76,58,77,70,63,64
197984,62,66,64,61,60,63,65,64,64,69
219709,83,82,85,83,83,83,83,81,81,82
238333,79,78,85,86,88,85,92,91,86,88
173124,72,72,69,72,66,68,67,69,68,72
217721,56,57,53,56,62,58,53,57,47,58
154712,77,79,80,80,77,77,77,78,79,81
145619,69,72,73,70,64,73,73,73,81,76
165884,0,,,,,,,,,
197993,50,53,44,45,54,52,61,58,73,71
230816,83,73,78,80,82,84,83,83,85,81
164739,92,93,92,94,95,94,94,95,94,93
156295,84,83,80,84,86,84,81,82,79,79
461643,,,,,,,,,,
108861,,,,,,,,,,
164748,86,85,84,84,87,84,82,96,84,84
139144,83,84,78,85,83,79,79,75,79,78
485999,69,92,71,78,83,,,,,
189273,39,70,73,25,67,22,31,15,50,14
183804,,,,,,,,,,
486196,69,86,77,87,92,,,,,
488314,40,43,0,60,,,,,,
237181,61,67,70,68,64,70,53,64,59,63
154721,58,67,56,49,54,60,64,62,64,61
486284,71,70,60,83,67,,,,,
173142,71,80,83,82,73,71,72,72,71,71
143233,,,,,,,,,,
154749,67,56,61,62,63,63,70,62,77,83
262022,,,,,,,,,,
219718,62,57,60,59,60,56,56,58,62,62
150145,64,71,79,76,78,81,84,75,85,79
173160,83,85,85,88,84,83,85,83,85,86
110060,43,38,38,49,68,82,93,91,84,83
486053,88,85,94,90,95,,,,,
132602,54,65,67,63,61,66,63,64,69,68
139153,100,67,0,66,67,21,96,66,83,61
443702,,,,,,,,,,
196079,90,92,91,92,91,89,91,91,91,91
110097,83,86,87,84,85,87,85,86,86,90
100937,80,80,75,82,86,84,80,81,79,82
442949,,,,,,,,,,
200022,,,,,,,,,,
219046,62,62,69,63,63,63,59,61,61,64
143288,57,70,56,65,65,62,73,71,61,64
143297,,,,,,,,,,
183822,64,60,63,65,70,73,63,64,67,74
211158,74,72,74,75,77,78,81,78,80,81
175430,69,73,63,80,69,63,70,85,68,84
231554,53,51,52,61,54,60,49,48,56,59
237215,56,63,65,69,58,60,60,53,56,61
201371,60,66,61,67,72,70,67,68,64,60
217749,82,82,82,81,80,81,80,83,78,75
142090,70,71,81,67,55,57,66,52,55,54
142115,79,79,80,78,76,75,71,71,69,69
233356,,,,,,100,67,100,100,
189413,50,51,55,50,55,49,49,43,55,53
164872,68,65,68,82,63,67,75,62,61,48
164614,43,70,71,90,67,41,74,43,72,54
164924,95,95,95,95,95,96,95,95,95,96
164915,,,,,,,,,,
164988,94,94,93,93,93,93,93,92,92,91
161004,98,98,96,94,97,98,97,97,97,94
162007,70,68,72,75,72,74,70,71,75,71
201432,60,56,52,53,51,51,55,54,52,47
201441,77,77,77,76,78,76,70,70,72,77
143358,85,82,86,87,86,86,88,86,86,87
165015,93,92,94,94,92,93,93,95,94,92
262086,,,67,70,,,,,,
223506,,,,,,94,100,100,83,50
139199,52,51,65,71,59,66,67,67,69,72
156356,68,63,63,64,59,66,57,58,61,56
198066,65,56,53,49,58,59,57,52,65,58
139205,42,42,49,59,42,50,60,42,40,39
152992,66,68,55,79,70,54,66,57,69,68
231581,72,68,75,78,78,74,76,77,76,70
165024,77,78,76,80,79,81,81,81,81,81
230047,61,63,62,65,60,61,61,61,56,58
142522,70,73,72,71,68,69,68,72,73,71
230038,90,88,90,90,86,87,85,89,87,85
450304,,,,,,,,,,
189501,,,,,,,,,,
132709,,,,,,,,,,
217156,98,98,98,98,98,98,97,97,98,97
180878,80,83,90,88,86,83,83,97,83,93
219790,70,67,68,83,65,59,71,75,69,74
217165,87,90,90,90,90,87,90,88,86,87
210492,89,76,76,69,75,76,74,83,72,69
211273,89,92,92,94,94,91,91,90,90,93
211291,92,92,94,92,93,93,94,95,94,94
153001,70,60,77,73,78,73,69,77,73,72
209409,70,71,62,78,69,70,54,71,77,72
150163,88,89,89,93,89,90,91,91,87,89
444103,,,,,,,,,,
198109,,,,,,,,82,69,79
211352,76,71,68,70,76,77,71,74,73,68
215114,84,80,75,74,69,75,75,75,78,76
183910,79,79,84,77,82,84,73,82,76,69
494940,,,,,,,,,,
110361,78,76,78,76,76,83,77,78,77,75
110918,100,0,0,,,50,100,38,50,100
110370,81,81,84,81,81,80,82,76,79,75
485263,79,64,86,45,76,76,,,,
478634,100,100,86,33,100,100,50,,,
474890,24,,20,100,100,50,20,100,,
487649,,,,,,,,,,
110316,,,,,,,,,,
110404,98,98,98,98,97,97,97,96,98,98
111081,84,80,82,89,87,87,85,89,85,79
483586,75,,,,,,,,,
486488,100,75,100,100,71,,,,,
110413,84,83,85,85,84,83,85,82,85,83
110422,94,94,95,95,93,93,92,93,93,91
110529,90,87,86,89,89,89,90,89,90,88
111188,76,82,75,85,82,83,82,82,86,81
110486,77,78,76,76,76,73,74,72,71,68
441937,77,78,79,81,79,76,78,84,82,76
110538,84,85,84,86,84,87,87,87,88,85
110547,77,78,77,82,82,80,79,77,80,69
110574,76,76,75,77,80,81,78,75,76,74
110556,83,81,81,79,83,83,83,83,86,87
110565,89,88,87,89,88,89,89,88,85,84
110583,87,87,88,90,89,90,89,88,89,88
110592,81,82,79,79,84,84,82,80,81,82
409698,80,83,79,80,82,83,81,80,79,75
110608,81,81,80,77,79,77,78,75,75,75
110617,83,81,83,81,80,83,83,82,83,80
110510,86,86,85,85,87,88,89,88,89,86
366711,79,77,79,81,81,83,82,82,82,81
110495,83,82,80,85,81,85,87,82,83,86
211361,72,71,73,72,77,77,80,78,73,74
496043,,,,,,,,,,
111391,,,,,,,,,,
150172,47,57,50,51,51,58,62,60,51,56
176789,63,62,74,52,69,54,66,63,71,69
169099,,,,,,,,,,
169080,85,87,87,85,86,87,87,86,87,87
165167,22,43,83,38,60,61,71,41,21,14
206914,67,60,65,62,65,62,60,57,56,52
198136,76,74,72,72,74,72,70,72,77,72
156365,68,63,66,61,59,58,69,63,66,68
189705,84,85,83,84,83,86,80,82,84,84
201548,78,78,78,75,76,76,74,75,74,76
162061,70,72,72,73,87,75,82,82,74,70
238430,60,72,77,73,68,72,71,66,71,72
241377,70,70,65,64,77,73,80,63,63,78
241386,56,67,73,66,69,71,75,54,61,81
363907,83,83,68,65,74,76,73,74,69,61
363916,63,71,57,85,64,90,70,69,74,60
173258,95,97,96,96,96,97,96,98,96,98
211431,78,80,78,74,77,78,72,70,74,65
211440,97,97,96,96,98,96,94,95,96,96
199971,90,100,0,50,100,100,100,100,100,
461032,50,40,0,67,0,100,75,50,,
489937,64,52,61,72,,,,,,
433174,,,100,75,50,100,33,50,100,67
180106,80,81,84,79,79,80,81,86,78,83
238458,83,81,79,80,82,79,76,79,78,75
219806,68,63,70,70,65,71,69,60,64,68
238476,76,77,78,81,77,80,78,73,77,76
111638,50,30,100,67,53,43,63,56,63,83
439190,,,,,,63,62,64,63,59
201645,93,95,92,92,94,93,94,92,93,92
230834,66,69,72,75,74,69,74,71,69,71
198215,72,71,72,72,74,73,70,67,71,67
475398,,,,,,,,,,
143659,,,,,,,,,,
189848,71,70,68,73,71,73,72,68,57,70
439367,95,95,94,79,84,90,91,89,88,92
211468,75,80,82,79,79,69,67,70,76,71
201654,85,87,84,85,86,88,85,85,85,86
158477,70,76,78,73,74,80,76,69,68,72
183974,71,69,78,87,78,75,71,80,76,75
241793,,,,,,,,,,
232618,,,,,,,,,67,57
106713,62,54,64,75,65,71,67,50,69,64
154855,61,41,53,48,56,54,63,60,62,60
176910,53,64,58,55,65,77,70,56,75,57
153108,82,79,81,79,78,78,83,83,79,79
128771,72,74,76,78,78,80,77,76,77,81
445267,0,33,0,0,,,,,,
176947,69,73,68,66,65,64,57,72,62,68
169248,74,77,77,78,79,76,77,76,76,80
201690,46,54,47,40,54,51,53,43,55,46
234827,71,70,73,76,79,79,74,74,78,75
240514,55,57,59,62,53,47,47,52,52,51
488004,,,,,,,,,,
189857,69,64,64,21,66,74,68,72,72,59
234845,,,,,,,,,53,63
156408,90,90,91,93,89,90,90,91,91,92
180948,71,57,66,64,65,65,67,66,66,70
141486,86,79,77,74,74,76,73,69,71,67
492069,16,49,,,,,,,,
230852,82,77,79,82,79,81,79,78,76,76
111948,91,90,91,89,90,91,91,91,91,93
111966,70,53,,,,100,100,50,33,
217688,65,67,66,70,65,64,65,56,63,64
444778,,0,67,33,,0,0,67,40,82
128780,100,,100,,,,,,,
211556,80,78,85,80,76,77,77,76,70,73
211583,68,71,79,79,66,78,72,73,76,67
211608,70,36,56,65,44,55,54,65,45,55
181145,,,,,,,,,,
437732,,,,,84,54,56,40,62,67
492607,,,,,,,,,,
144005,52,60,61,52,58,53,54,48,53,60
144014,,,,,,,,,,
133021,,,,,,,,,,
198303,56,55,46,48,47,52,48,43,40,46
494630,60,,,,,,,,,
189981,,,,,,,,,,
219833,75,79,80,79,80,84,78,72,79,74
150215,,,,,,,,,,
231712,84,87,88,86,87,87,84,85,84,81
112127,,,,,,,,,,
201867,,,,,,,,,,
201928,46,50,47,52,49,42,48,51,48,47
217864,86,84,85,83,86,86,85,84,82,80
244233,,,,,,,,,,
406547,,,,,,,,,,88
434539,,,,,,,,,,
234915,,75,,,,,40,50,83,30
457697,,,,,,,0,,,
217873,70,76,79,77,77,71,70,74,77,70
112251,,,,,,,,,,
488387,,,,,,,,,,
112260,96,96,97,93,95,96,96,95,96,95
124283,,,,,,,,,,
211644,75,74,74,74,73,74,76,71,70,72
138947,74,70,70,67,67,61,65,62,66,66
234933,,,,,,64,60,59,60,63
201973,,47,57,46,49,48,39,40,47,48
165334,86,87,86,88,87,88,89,92,87,90
153126,72,71,75,71,76,73,76,81,80,73
211024,78,65,64,68,74,78,75,83,71,69
180832,59,70,77,77,71,66,69,88,79,67
190044,88,86,85,87,88,89,87,85,85,87
139311,71,71,68,71,69,67,73,68,67,60
156417,57,67,50,65,80,60,80,100,69,77
169327,81,70,67,70,65,72,43,80,36,79
217882,93,93,93,92,93,92,92,91,90,89
202046,79,86,89,82,83,81,78,79,79,88
202073,95,90,90,95,85,93,85,82,96,90
202134,74,72,70,71,71,70,67,65,66,64
177038,50,100,50,100,50,,100,100,20,0
217891,60,41,89,,,,,92,89,93
234951,,,,45,53,63,63,62,58,55
218724,68,69,67,69,65,67,63,60,63,64
153144,80,75,81,75,77,78,79,81,80,78
217907,62,51,61,60,73,64,59,69,83,71
161086,94,94,94,93,93,92,93,95,94,95
182634,71,73,73,75,78,76,74,73,72,65
241720,45,52,70,69,54,62,60,53,67,51
190080,,,,,,,,,,
190099,95,94,94,94,95,95,93,95,95,93
169442,84,81,80,76,71,82,78,77,74,71
388520,,,20,67,40,50,50,0,50,50
132851,,,,,,,,,,
217819,81,79,78,79,79,79,83,81,83,81
139250,56,59,58,57,65,62,57,55,78,88
413617,100,0,100,0,43,60,67,67,69,45
243638,66,58,61,67,66,59,44,57,65,60
193399,78,77,73,78,78,69,67,71,75,73
167394,82,79,84,81,82,86,80,78,84,81
174747,85,89,87,83,91,88,89,89,91,89
181604,75,76,84,70,83,79,79,69,60,63
142559,,59,56,60,57,56,56,57,54,57
182005,,,,,,,,,,
190558,74,77,76,80,80,80,83,81,84,83
160959,79,81,76,84,81,81,81,83,87,89
166124,93,95,95,96,96,94,95,95,95,98
376695,,,59,55,48,52,41,50,57,100
178697,82,75,74,74,74,88,86,88,87,89
493822,,,,,,,,,,
448752,,25,100,67,100,50,0,43,46,50
448761,50,38,13,47,100,0,53,68,63,58
247834,,66,66,67,64,66,63,57,57,64
126669,83,78,77,78,79,72,69,69,72,66
126678,96,95,94,96,96,94,96,95,96,96
127556,74,74,73,73,70,66,65,64,64,66
126711,45,46,55,55,52,51,,,,59
126775,92,92,93,92,94,94,92,89,90,87
128106,63,68,63,66,64,63,63,58,66,64
126818,84,83,82,86,87,85,86,84,83,83
476975,,,,,,,,,,
234979,,,,,,,,,62,61
217934,68,70,70,68,76,74,64,60,67,61
177065,64,69,69,57,49,58,53,46,57,63
144281,71,68,66,70,69,71,67,63,67,66
112570,62,70,86,84,71,70,64,95,85,75
238573,,,,,,,,,,
217925,69,86,73,76,73,69,85,77,82,79
139348,,,,,,,,,,
190150,99,98,97,97,96,96,97,96,96,97
202170,77,78,79,79,79,80,79,80,79,82
139366,72,72,76,73,71,72,66,65,70,70
126942,,,55,52,49,53,53,53,53,55
459417,72,74,76,84,95,94,86,93,86,88
177083,75,86,45,53,63,84,64,86,89,75
237330,59,62,64,67,65,67,64,62,61,65
190248,64,77,76,78,71,75,69,68,73,67
173300,80,85,82,84,82,83,84,80,85,84
177092,,,,,,,,,,
150288,,,,,,,,,,
224004,68,59,60,63,71,67,48,57,54,58
169363,64,74,63,70,62,69,62,52,58,59
144351,62,61,67,66,62,65,67,64,63,68
112075,73,78,75,78,72,79,76,78,72,75
180984,82,78,75,74,76,80,76,79,81,74
208488,70,66,72,72,74,68,71,70,70,65
173328,64,76,65,72,70,69,73,71,66,66
238616,81,76,82,72,76,74,71,74,75,80
493600,94,,,,,,,,,
128902,90,91,91,89,90,91,88,92,90,89
241766,94,76,96,91,89,92,85,83,70,89
217961,74,70,72,70,66,71,73,74,62,72
165495,,,,,,,,,,
190372,91,91,96,96,96,96,96,90,96,94
162283,70,63,66,61,69,69,61,66,65,61
210331,81,77,79,80,80,77,77,68,77,78
153162,76,82,81,78,82,83,83,84,79,81
190415,97,97,97,97,97,97,97,96,97,96
170037,79,79,77,82,79,76,76,73,77,81
235024,74,73,74,74,70,69,78,66,65,72
177117,66,66,72,75,73,66,79,68,72,73
139393,84,86,87,86,85,85,85,87,81,79
177126,,,,,,,,,,
176770,100,100,0,40,100,29,89,88,95,89
169424,,,,,,,,,,
181002,90,89,89,89,90,91,91,90,88,88
475608,63,73,92,71,67,79,81,52,,
106810,52,41,68,53,70,50,66,52,60,53
174862,64,78,66,67,68,66,70,79,63,72
190503,81,77,,,,,,,99,81
177144,58,67,69,64,68,76,67,68,65,73
219949,60,63,70,66,70,62,64,67,71,68
190512,89,88,90,91,91,90,88,92,89,91
190549,80,83,82,82,82,82,86,84,82,82
190567,84,83,86,86,87,86,87,84,86,83
190576,,,,,,,,,,
190594,81,85,83,85,83,86,87,86,85,85
190600,80,80,78,77,78,79,78,78,78,77
190637,83,81,83,86,83,83,81,82,79,80
190646,62,58,70,66,63,65,65,66,64,64
190655,68,69,78,77,76,75,77,77,74,74
190664,82,84,84,84,85,86,84,87,87,88
190682,,,,,,,,,,
190691,62,64,71,73,74,77,74,77,78,75
165529,65,61,68,71,69,71,70,69,66,66
211893,100,100,100,95,100,100,89,96,95,95
113236,,,,77,75,75,73,75,74,74
496070,,,,,,,,,,
190716,81,77,79,81,80,78,79,72,67,73
190725,78,78,77,79,78,82,74,75,76,70
219082,66,67,72,72,74,65,69,60,67,64
219091,65,71,66,76,71,66,77,72,66,57
224226,72,77,70,77,72,72,70,71,74,77
224244,45,50,50,46,34,33,58,63,67,47
224615,53,57,54,51,75,55,57,48,55,56
224305,,,,,,,,,,
139463,63,70,68,81,74,71,71,62,65,71
492102,,,,,,,,,,
182670,98,97,96,96,96,98,97,98,98,97
169479,76,73,71,69,74,73,79,69,68,67
198385,95,95,95,94,96,95,96,97,96,96
237358,69,68,72,66,65,70,50,55,61,77
194569,13,67,81,73,56,63,87,85,76,76
133386,,,,,,,,,,
165574,69,64,62,70,74,70,59,61,69,74
202514,46,55,60,59,56,53,58,62,59,63
130934,70,72,71,73,72,69,65,60,70,67
130907,,,,,61,57,54,56,55,55
211981,72,72,71,65,70,72,67,74,75,71
113537,,,,,,,,0,0,
175616,67,67,71,67,62,67,66,67,61,59
202523,90,89,91,89,87,89,89,92,90,89
126979,,,,,,,,,,
144740,85,86,84,85,84,87,85,85,86,87
150400,86,91,89,92,94,93,92,89,92,90
154156,,,,,,,,,,
210739,80,83,81,81,78,84,85,83,81,83
434900,73,63,66,60,60,70,69,71,72,85
443562,72,69,61,61,62,65,70,71,71,75
449135,73,62,59,61,59,63,68,75,74,78
469416,77,62,61,60,62,69,72,69,,
212009,87,92,90,90,92,90,90,91,90,90
200059,68,71,64,54,57,57,55,54,56,57
158802,67,69,70,72,75,75,59,68,64,65
105297,50,,,,80,80,80,83,100,
445869,,,,,,,,,,
153241,100,100,100,100,89,64,82,71,89,93
230171,57,53,56,54,58,54,60,54,57,63
181020,71,71,78,71,69,72,78,76,75,77
190761,68,75,74,69,71,72,67,64,67,74
113704,,,,,,,,,,
148496,77,83,81,72,79,81,82,80,82,81
113698,89,82,86,86,83,82,86,81,84,84
122117,,,,,,,,,,
155007,73,64,52,55,37,45,17,52,41,23
153250,81,76,81,88,81,84,80,79,81,76
449481,,,,,,,,,,
153269,84,89,87,88,88,89,88,88,88,85
184348,85,84,85,87,85,84,76,75,79,86
212054,89,89,89,89,84,84,86,85,85,83
177214,78,83,88,85,84,85,84,89,73,71
492801,62,76,,,,,,,,
198419,98,98,97,97,97,97,97,97,97,97
175227,90,100,82,50,0,0,50,67,100,100
212106,85,84,86,86,85,90,88,88,87,83
150455,80,82,86,80,81,84,88,83,86,82
198464,82,81,83,83,80,81,81,78,81,81
207041,64,58,46,52,64,66,63,59,65,69
139621,60,52,43,,,0,,,55,59
212115,67,69,70,72,72,74,71,70,78,77
220075,72,73,76,71,71,69,66,66,70,72
224527,62,63,55,68,52,61,57,52,59,64
144883,30,33,42,43,39,31,30,30,29,30
129215,77,80,77,76,73,77,78,76,76,77
132693,,,,,,,,63,69,67
144892,73,70,75,71,75,76,77,79,79,79
156620,75,73,73,74,74,72,71,68,66,69
232043,85,70,79,74,73,75,77,81,78,75
169798,70,72,72,75,74,73,74,75,76,76
165644,62,66,67,77,64,72,72,75,69,65
187648,63,62,63,59,57,59,58,63,64,62
208646,72,68,68,73,57,58,64,64,72,67
212133,78,75,75,78,74,78,80,80,80,76
231970,,,,,,,,,,
235097,70,74,76,76,78,77,75,76,75,73
446233,54,46,47,56,57,43,47,50,25,62
133492,81,82,82,82,81,81,83,81,81,80
247162,,,,,,,,,,
177278,,,,,,,,,,
238661,79,78,78,78,81,81,82,79,80,78
212160,71,73,66,70,70,70,72,68,73,72
235103,,,,68,62,62,63,59,60,58
243832,50,57,33,89,64,71,53,89,94,92
241836,80,63,50,100,91,100,50,60,65,79
494278,,,,,,,,,,
494287,,,,,,,,,,
492476,,,,,,,,,,
442806,,,,,,,,,,
133526,53,54,60,57,41,50,51,54,53,48
198507,70,73,74,68,74,68,72,79,77,74
212197,87,89,87,87,82,79,82,86,84,88
486080,,,,,,,,,,
144962,82,78,75,84,79,82,78,78,80,77
190983,81,78,65,76,79,82,74,75,71,71
198516,91,90,89,91,90,91,90,90,90,90
133553,78,82,80,80,77,79,78,77,72,72
104586,83,81,87,84,77,82,83,76,78,78
426314,52,48,52,62,63,66,62,57,69,74
165662,89,87,88,87,87,89,88,88,88,87
165671,79,78,78,80,75,79,81,81,82,82
139630,67,58,61,55,63,62,64,67,52,65
153302,77,67,69,70,83,85,50,48,49,61
232025,76,74,76,70,70,73,73,72,73,75
139658,95,95,93,94,94,95,94,95,96,94
155025,77,75,73,71,72,73,73,70,69,73
165699,86,83,84,86,86,83,81,83,88,80
124487,100,0,100,50,50,33,14,43,50,45
224712,,,,,,,,,,
409254,,,,,,,,,,
217998,63,54,49,61,61,60,83,63,78,77
241951,93,86,90,92,86,85,84,83,79,76
144971,59,62,71,70,82,64,64,59,67,69
177339,80,79,79,76,71,75,73,67,79,74
212443,,,,,,,,,,
385619,62,65,64,59,60,75,72,66,70,82
196680,,,,,,,,,,
460376,100,67,11,60,,,,,,
129242,90,90,90,89,89,89,87,87,88,89
184694,80,85,81,78,82,82,73,76,72,71
184603,73,80,74,75,74,67,76,70,69,71
237367,62,66,65,69,65,64,61,64,61,63
153320,83,68,83,77,80,67,70,77,80,79
443049,50,67,63,71,67,70,80,73,100,83
212452,0,0,78,71,89,20,100,,,
494597,,,,,,,,,,
443058,,33,67,100,0,50,,67,100,67
196042,80,84,83,81,79,80,82,80,84,80
191126,89,89,89,89,90,89,88,85,84,
101189,61,54,58,54,57,60,50,57,59,66
198543,74,69,78,67,79,74,71,76,70,69
114433,100,78,88,,64,53,52,58,54,51
184612,78,77,76,84,84,79,76,74,70,63
169910,76,76,79,75,80,72,77,70,71,70
232089,54,49,48,59,55,48,49,53,55,59
114549,,,,,,,,,,
172440,50,68,31,46,55,60,57,49,48,63
165802,62,63,60,62,58,60,56,64,71,51
220181,78,81,81,78,81,82,70,85,79,72
165820,74,73,78,75,75,77,78,75,73,78
133711,74,69,72,71,72,69,67,70,77,74
133650,80,81,83,83,85,81,82,80,79,81
133669,81,82,79,77,78,75,77,78,79,80
133809,72,62,74,63,77,64,67,71,72,63
135160,,,,,,,,,54,52
433660,80,78,79,79,79,78,77,76,75,74
133881,79,81,80,83,79,76,80,79,80,75
480569,,,,,,,,,,
133951,89,90,88,88,88,84,84,82,82,83
133979,64,57,56,60,62,63,69,70,67,69
482936,69,79,72,83,77,,,,,
134079,82,82,80,81,80,81,78,76,77,74
133508,,,,,,,,,,
133702,,,,,,,,,,
134097,93,93,94,93,93,92,92,91,92,92
177418,68,74,80,80,79,68,79,70,74,67
114716,,,,,68,73,71,69,69,74
191241,91,90,91,91,91,89,91,88,88,89
155061,74,73,71,71,70,68,65,68,63,69
127185,62,62,57,65,63,52,65,61,65,63
139719,73,75,76,75,78,57,59,58,59,64
165866,74,70,76,74,74,75,73,74,74,75
218061,69,67,65,68,69,68,67,65,67,68
160074,74,77,75,60,68,52,60,70,67,67
114734,,,,,,,,,,
205957,88,86,87,84,86,87,86,87,84,88
212577,90,92,92,91,92,91,92,92,93,94
150604,74,76,75,74,80,79,73,76,78,76
182795,68,60,70,62,67,67,67,63,62,69
202806,47,29,20,45,50,22,47,35,32,34
441982,99,100,99,99,91,96,96,96,92,100
220215,83,82,80,78,81,74,78,71,71,76
114813,74,76,79,86,80,81,83,78,73,80
155089,69,75,74,63,74,68,65,60,66,65
127200,,59,59,61,56,56,57,59,58,57
156727,,,,,,,,,,
162584,74,77,74,77,76,75,77,72,71,74
114840,,,,,,,,,,
218070,89,88,93,88,89,89,87,88,89,89
481030,,,,,,,,,,
131450,75,72,63,80,67,67,69,77,70,73
224961,,59,53,53,46,47,52,39,44,59
212601,82,83,85,78,84,84,79,80,79,80
198561,74,76,71,67,73,74,72,67,70,73
145275,,,,,,,,,,
456542,,,,,,,,,,
212656,73,76,80,81,83,84,77,79,76,76
208822,85,81,83,81,81,83,83,82,80,85
232186,86,87,88,87,87,88,87,86,87,86
131469,92,93,91,90,94,93,92,92,94,94
156745,71,63,67,66,72,67,76,75,71,83
131496,97,96,96,96,96,96,96,96,96,96
139861,86,85,84,85,86,85,85,86,83,85
447689,67,65,67,69,66,68,63,62,68,70
139700,80,100,,,,,65,61,63,60
139755,97,97,97,97,97,96,96,95,95,94
485111,,,,,56,54,,,,
139931,78,78,79,81,82,81,80,77,80,80
139764,68,62,65,70,74,70,65,63,65,66
139940,82,84,83,83,80,81,82,83,83,84
184773,79,74,72,85,78,70,71,71,65,75
212674,92,91,90,90,91,89,88,91,92,89
494551,,,,,,,,,,
237385,54,55,65,70,62,65,63,65,78,58
230889,80,50,50,67,60,50,67,57,71,75
202903,89,93,96,71,67,78,76,61,78,65
115083,,,,,,,,,,
130989,70,75,82,70,70,76,55,70,78,76
235316,94,94,94,92,95,92,94,94,91,92
202912,,,,,,,,,71,78
129154,,,,59,59,62,54,57,44,33
165936,83,83,83,86,85,81,83,80,82,81
139968,51,42,63,62,71,,100,,100,
165945,,,,,,,,,,
150668,76,73,78,82,78,77,77,85,79,78
162654,75,77,78,79,82,77,85,84,81,83
145336,52,53,54,55,59,,,,,
170000,72,61,61,66,56,68,66,62,60,79
150677,84,84,79,83,80,81,77,85,79,78
461528,80,,100,100,83,70,33,,45,
481058,100,50,80,86,89,95,88,,,
481401,100,,,0,,,,,,
153366,76,61,62,66,62,60,70,68,68,68
115214,,,,,,,,,,
159009,74,72,68,60,69,68,69,69,68,65
170082,85,85,83,84,84,83,82,82,82,84
153375,68,71,67,68,74,71,69,73,64,68
183257,78,32,43,58,56,52,60,59,60,57
212771,,,,,,,,,,
235334,,,,,62,53,63,62,66,69
225070,,62,60,51,59,62,56,44,62,74
182306,56,63,76,82,65,65,79,42,58,54
170091,71,59,56,38,57,46,39,49,53,70
235343,,62,,,,62,62,60,64,60
198598,65,60,87,54,56,52,60,47,64,60
218113,,50,54,53,52,49,49,52,55,50
145372,62,70,73,67,82,70,73,62,67,75
153384,94,92,96,93,94,94,93,95,93,93
212805,90,88,89,94,89,92,88,91,88,91
240745,60,62,67,72,58,62,67,60,66,1
494560,,,,,,,,,,
198613,66,68,66,74,67,74,72,71,76,77
134343,,,,,,,,,,
173647,88,87,89,89,89,91,92,90,93,92
212832,78,82,84,84,80,73,82,77,85,80
495314,,,,,,,,,,
225201,48,69,63,67,38,45,35,15,,57
191515,94,94,96,94,93,96,94,96,94,95
173665,78,74,84,79,79,83,81,81,80,80
232256,79,81,84,80,83,83,78,78,81,78
166018,67,79,76,79,81,78,81,82,78,83
232265,75,74,78,81,81,80,76,65,67,74
177542,61,59,50,54,52,57,62,62,61,60
150756,79,75,79,82,82,82,81,83,80,81
225247,67,68,75,71,68,64,63,66,65,67
107044,85,85,83,82,85,82,82,81,81,80
177551,55,65,55,51,47,51,43,44,44,39
446640,71,72,67,54,48,55,63,54,62,34
129491,,,,,,,,,,
191533,74,69,70,75,74,78,72,73,77,73
166027,97,99,98,97,98,98,97,97,97,98
115409,97,97,98,98,96,97,99,98,96,99
155140,,,,,,,,,,59
181127,66,66,68,65,71,74,66,72,74,73
111045,,,,,,,,,,
212911,96,97,97,97,97,97,98,97,98,96
141644,58,60,65,65,70,70,69,69,67,73
173683,,,,,,,,,,
166045,,,,,,,,,,
145497,89,88,94,39,22,23,22,27,9,10
203067,,,,,,,,,,
203085,72,67,67,78,62,68,65,62,64,56
191597,,,,,,,,,100,91
166054,88,100,71,93,81,100,52,54,85,57
107071,62,64,65,60,58,60,57,59,58,62
107080,89,86,83,87,79,87,88,86,80,86
170240,,,,,55,57,42,47,48,51
198677,,80,100,75,50,50,100,63,50,88
101453,100,100,100,67,0,57,100,25,50,50
235422,74,64,76,71,74,68,68,57,48,56
200785,20,29,46,17,,,100,25,20,
140340,29,46,23,24,43,52,32,44,48,46
101365,25,50,50,,50,0,50,50,100,50
459851,86,33,100,60,50,44,62,25,29,
459842,70,73,50,78,57,25,65,40,56,0
240392,30,33,50,30,39,33,43,35,47,58
174154,57,47,50,50,56,100,33,86,33,67
433536,33,0,30,47,78,100,25,33,100,75
386472,80,50,100,33,100,50,40,100,100,50
155177,85,67,94,92,,64,76,69,71,78
198695,83,81,79,82,81,77,75,75,79,79
485403,,,,,,,,,,
235431,,,,,,63,59,58,58,57
191621,78,68,71,72,78,74,75,67,68,70
170286,96,91,93,94,96,,,,,
203128,68,76,70,70,66,69,76,75,75,76
191630,88,86,86,85,86,87,88,89,87,89
134510,79,77,67,74,75,59,67,63,68,77
367884,48,48,53,32,51,60,49,53,57,54
191649,83,82,81,82,80,80,78,78,80,77
232308,89,78,77,69,81,80,67,70,67,74
129534,100,80,100,100,100,,86,57,50,100
150774,34,40,45,60,53,62,65,65,54,64
239743,52,46,74,70,64,73,72,74,56,63
212984,73,79,78,76,77,73,78,76,79,75
115728,67,63,82,74,60,72,74,72,70,87
457086,,,,,82,75,83,83,92,79
162760,74,71,78,81,75,76,78,77,76,77
443076,,,,,,,,,,
170301,91,89,88,91,88,91,88,90,89,87
120537,72,58,72,67,91,81,73,74,67,70
457226,,,,100,,,,100,100,100
191676,79,91,80,86,84,87,88,88,86,83
225399,71,69,72,67,70,66,63,68,67,63
246345,,,,,,,,,,
225548,43,49,48,51,63,54,61,61,57,67
131520,86,85,94,86,89,85,82,81,83,83
164368,78,76,70,97,,,,,,
242121,44,64,100,50,56,43,60,93,80,
115755,75,71,68,71,75,74,78,73,74,74
115773,100,100,100,88,67,77,69,67,67,53
101435,62,67,65,62,66,70,62,55,60,59
150941,82,82,80,81,79,86,79,73,80,76
449348,100,0,,,100,100,100,100,100,50
487524,73,75,77,76,73,,,,,
225575,56,64,51,60,54,57,51,57,50,50
193405,,,,,,,,,,
142276,64,63,64,68,72,73,68,62,61,62
127273,,,,,,,,,,
434584,,,50,45,45,81,40,38,58,42
145691,78,77,77,78,79,76,81,72,83,86
145628,,,,,,,,,,
145725,88,86,90,90,87,87,86,87,89,88
145813,79,79,81,81,82,81,82,82,85,85
145646,84,91,89,93,93,92,88,89,90,91
213011,86,75,78,79,83,79,82,80,83,83
465812,43,46,63,63,84,20,,25,12,
495280,,,,,,,,,,
134608,,,,,,,,,,
151290,68,63,60,56,52,56,55,56,59,61
492962,43,60,,,,,,,,
151324,65,62,68,64,64,64,64,61,58,64
213020,72,71,72,75,76,75,73,75,74,77
151351,90,91,91,91,89,89,90,88,89,90
151388,63,65,66,67,64,63,67,67,66,64
151333,64,60,60,63,65,64,61,63,64,61
151360,64,66,69,65,66,67,68,67,63,69
151111,73,72,75,74,74,71,72,72,72,74
151342,68,63,66,64,66,66,63,63,64,63
151379,61,59,59,62,62,62,61,59,64,63
151801,79,79,78,82,82,84,78,74,75,77
488679,,,,,,,,,,
145886,,,,,,,,,,
462044,,,,,,,,,,
187745,56,51,61,50,70,67,69,61,72,52
489335,,,,,,,,,,
493363,,,,,,,,,,
454838,,,,,,,,,,
455804,,,,,,,,,,
242626,72,70,77,71,75,76,72,55,70,73
242635,74,70,73,76,73,73,75,76,76,76
242644,71,69,74,73,79,83,73,55,69,67
242705,76,71,76,72,73,74,76,68,74,74
242680,75,70,77,74,74,73,76,74,71,73
242699,78,74,71,75,70,72,69,59,71,59
242653,74,69,72,71,72,74,71,66,73,71
242662,75,77,76,76,76,76,79,71,73,73
242617,80,78,80,71,79,81,80,74,75,75
242723,,,,,,,,,,
404222,,,,,,,,,,
140146,,,,,,,,,,
436614,75,100,89,67,79,89,50,78,57,67
448691,,,,,,,,,,
443128,,,,,,,,,,
191931,72,75,75,77,77,83,83,81,84,85
153603,87,87,87,88,87,86,87,86,88,86
153621,55,67,59,49,47,58,44,43,42,39
441238,,,,,,,,,,
191968,87,85,83,85,86,85,88,84,83,86
170444,100,,100,100,58,54,57,55,56,56
175856,77,53,61,71,78,78,76,73,73,75
101480,76,75,74,78,74,72,71,67,68,68
134945,74,77,71,71,68,73,72,61,60,60
232423,89,90,90,91,91,92,92,91,91,91
225885,47,57,42,49,52,55,58,55,44,47
192040,97,92,91,97,100,97,97,98,96,98
107141,82,80,82,85,81,84,82,84,78,75
203368,89,83,86,84,85,85,88,87,89,86
116712,,,,,,,,,,
462354,78,80,81,71,70,76,74,71,68,
162928,97,97,97,96,97,97,97,97,96,96
445708,71,67,67,69,76,74,72,73,73,75
439288,63,64,76,71,75,69,81,74,77,67
414823,70,70,69,70,69,69,70,65,67,69
460349,25,0,33,0,,,,,,
217235,75,71,76,78,78,79,79,75,74,75
198756,66,69,69,65,68,66,56,72,74,70
220473,74,69,79,76,74,67,80,75,73,69
132879,46,56,69,55,67,39,75,75,62,78
101541,60,62,58,68,70,56,60,71,65,63
146339,76,69,72,74,73,69,72,68,75,68
461139,,,,,,,,,,
213251,86,84,81,85,86,88,88,90,85,84
170532,88,91,90,88,92,92,92,92,90,91
155308,60,40,33,100,100,0,,,,
177746,78,82,77,81,76,77,74,70,69,77
179812,,,,,,,,,,
490601,,,,,,,,,,
155399,86,85,84,85,83,83,81,80,82,81
155414,68,58,55,59,63,63,62,48,58,58
185262,74,72,76,73,74,75,74,72,80,81
440031,,,,,,,,,,
183062,76,72,71,75,73,76,76,76,79,77
192165,83,96,92,88,93,95,96,96,83,93
135081,75,79,90,92,89,75,74,84,84,60
486840,80,79,78,80,78,,,,,
177816,,88,83,100,75,88,100,100,83,86
203447,57,49,44,56,57,55,49,44,45,59
203456,52,41,68,40,56,54,60,58,47,63
203526,60,62,60,65,67,57,61,54,60,68
203517,81,81,80,82,81,82,78,77,75,79
203492,64,52,55,58,63,58,56,62,50,57
203465,61,65,66,65,62,64,63,59,61,65
203474,57,60,63,53,56,58,55,46,50,64
203483,61,67,63,67,63,61,69,55,65,66
157100,50,70,56,51,52,52,53,57,67,66
157030,64,67,53,93,85,58,62,64,50,56
157058,66,56,68,60,60,44,52,45,50,54
157076,69,69,68,67,62,66,65,54,54,61
203535,89,91,93,91,93,94,96,94,94,92
461847,83,,,,33,14,80,67,,
203544,74,71,72,62,57,63,52,54,64,88
169983,90,91,93,95,93,92,92,92,89,89
192192,79,70,68,70,72,73,72,76,75,65
213303,58,62,72,66,68,65,71,66,70,65
220516,65,66,70,67,73,76,69,75,67,68
213321,72,74,73,77,72,75,76,77,79,79
146427,81,81,87,87,83,88,88,88,89,88
213349,74,74,74,73,73,73,73,71,77,77
171881,67,75,68,70,62,59,79,76,73,77
213358,73,70,67,68,78,72,72,66,73,69
213367,71,74,76,75,78,81,82,80,81,79
117627,78,78,75,76,78,77,76,77,75,73
165264,,,,,,,,,,67
260372,37,67,26,24,33,41,53,55,55,41
213376,100,20,,55,53,54,52,52,57,52
213385,94,93,95,94,95,93,91,95,95,94
140234,70,60,65,66,67,61,61,60,65,62
117168,79,78,85,85,84,76,84,73,67,86
203580,60,67,61,70,68,67,71,64,62,72
407629,,,,,,,,,,
146481,88,83,85,83,84,85,82,83,83,84
146490,,,,,,,,,,
170639,71,77,67,72,70,75,75,70,69,68
235699,,,,,,,,,58,65
135188,,,,,,,,,64,62
238980,61,67,70,62,80,69,70,81,70,54
146533,,,,,,,,,,
226091,66,64,64,63,58,60,53,54,65,65
213400,75,81,76,78,79,75,72,74,76,79
213446,,,,,,,,,,
218229,68,64,63,70,69,68,61,61,64,68
247649,57,47,90,67,,69,69,55,51,64
220598,58,50,50,62,53,45,49,50,52,57
207209,60,52,55,59,64,67,70,57,56,46
240620,65,65,60,58,56,57,53,58,58,56
226134,,68,80,68,66,63,61,68,69,71
166391,74,68,73,80,75,75,74,72,64,70
117283,,,,,,,,,,
170675,74,81,82,79,81,82,82,74,77,77
239017,87,85,88,91,89,90,88,90,89,88
192323,87,84,84,86,88,86,88,85,83,82
220604,57,62,53,50,43,58,46,50,50,58
213507,74,82,81,82,85,85,83,86,86,83
220613,78,80,81,77,79,80,77,72,72,71
198808,60,67,64,58,63,66,60,55,67,57
213543,93,94,96,95,95,96,94,93,95,93
198835,72,68,73,72,64,76,62,62,65,69
166452,81,80,80,80,80,76,79,79,76,75
226231,76,78,82,78,69,83,77,78,74,76
209056,86,82,83,85,83,84,86,89,88,83
146612,84,82,80,79,84,83,82,82,77,82
142328,60,63,57,58,57,61,60,50,56,52
157207,,,,,,,,,,
232557,81,82,84,83,75,69,69,68,73,71
117520,,,,,,,,,,
117104,59,75,61,72,63,51,63,70,68,63
140252,65,63,59,74,62,64,69,59,69,75
218238,67,52,51,51,56,60,58,55,59,66
146667,77,85,82,57,67,83,67,82,68,75
146676,49,43,65,41,38,54,43,55,45,53
220631,77,75,73,70,65,69,74,66,71,62
213598,71,78,68,73,77,76,72,67,70,75
117557,100,100,75,75,75,75,73,67,78,84
177940,54,50,53,47,46,65,53,36,48,49
177968,64,70,73,70,66,70,71,72,70,73
157216,64,61,57,63,61,62,57,58,54,59
209065,84,79,81,82,86,89,80,88,84,79
437325,,,,,,,,,,
437316,,,,,,,,,,
219976,83,81,79,85,84,80,77,76,71,73
198862,56,50,42,50,57,55,53,48,51,56
213613,67,65,70,73,70,68,70,71,69,69
177986,50,29,,,,,,,,
117636,,,,,,,,,,
227182,53,54,67,68,62,65,62,62,69,70
192448,76,74,78,74,72,75,72,68,68,74
232566,75,75,81,80,80,79,82,81,79,80
166489,89,63,82,33,82,75,62,75,75,75
203748,,,63,67,67,63,60,58,56,57
153825,76,81,76,79,81,81,81,75,80,78
474863,67,13,73,54,69,63,91,50,,
159568,67,63,55,50,58,54,53,64,62,57
159391,83,84,83,83,85,85,82,83,84,84
159373,,,,,,,,,,
435000,,,,,,,,,,
159382,58,56,59,56,66,64,54,43,62,62
159416,65,63,64,61,65,66,66,66,65,69
159647,80,79,80,81,80,80,79,76,74,74
157298,,,,,,,,,,
203757,66,69,67,72,64,59,62,62,55,61
235750,,54,61,55,58,62,55,54,57,57
117946,89,90,91,88,91,90,91,89,92,89
146719,85,85,83,82,86,86,85,87,87,85
163046,88,88,85,86,86,87,87,88,89,87
159656,78,85,80,79,77,80,80,73,77,82
226383,71,69,69,65,73,72,70,65,62,61
153834,84,84,83,84,85,85,87,88,87,87
135364,,0,0,50,100,100,67,55,0,50
173896,,,,,,,,,,
146728,,,,,,,,,,
213668,77,75,80,79,79,82,79,81,86,77
132657,71,72,69,68,73,69,69,69,60,61
106342,68,71,62,66,64,74,70,72,60,64
173902,93,96,93,93,95,94,95,94,94,96
192624,85,89,100,82,92,100,96,85,97,100
146825,72,73,63,68,71,72,67,68,46,49
238263,,,,,,,,,,
170806,76,76,73,84,82,80,82,84,82,81
182917,96,73,79,71,100,82,,,92,71
153861,56,53,75,70,90,72,82,77,80,73
161509,64,71,72,61,65,75,63,75,77,80
161022,,,83,67,100,50,100,50,0,67
161299,80,84,77,86,83,78,75,74,73,79
490753,,,,,,,,,,
203775,61,73,70,78,70,70,71,63,71,71
151777,67,60,64,59,69,69,69,68,72,72
155496,61,51,35,44,62,60,75,71,63,69
192703,81,82,85,89,84,84,88,88,83,83
192712,90,89,96,93,92,81,90,86,91,88
192749,70,70,74,76,82,79,75,73,68,76
213774,48,58,59,65,55,60,58,60,64,62
213783,73,71,71,72,76,75,72,72,72,70
446394,,,,,,100,100,,,0
239071,79,72,67,72,77,76,72,68,76,81
192785,86,100,67,80,88,,75,100,65,50
151786,83,77,78,77,80,74,70,69,72,74
239080,68,65,69,70,66,73,68,70,66,67
203845,79,73,67,63,73,74,72,75,77,77
192819,88,87,89,90,91,91,90,89,92,88
230940,70,61,81,74,74,67,82,66,64,77
440411,,,,,,,,,,
239105,90,87,89,89,90,89,91,88,90,88
198899,63,63,59,57,59,56,58,54,60,54
123943,,,,,,,,,,
237525,73,72,72,75,73,73,69,71,70,70
173452,81,85,85,87,83,80,85,84,84,84
220701,61,52,49,52,58,55,55,87,55,64
151810,38,53,57,75,60,39,26,38,25,32
232672,64,75,65,65,64,73,69,69,65,64
163295,88,89,87,88,88,88,83,85,85,87
164085,,,,,,,,,,
118541,60,54,63,62,58,68,66,72,87,65
192864,69,68,76,73,74,74,66,68,67,63
232706,72,72,78,79,73,81,72,75,70,66
220710,77,68,72,76,70,71,72,72,70,72
178059,83,86,83,86,89,86,87,87,82,84
213826,86,86,86,83,83,80,81,84,84,81
166674,85,86,87,90,92,89,84,88,90,89
167288,72,70,73,79,74,78,79,75,72,74
166683,99,99,99,98,98,99,98,98,98,97
166692,87,86,88,87,93,89,85,89,90,85
369002,,,,,,,,,,
173957,,,,,,,,,,
200226,60,66,56,61,50,55,56,52,53,50
146977,,,,,,,,,,
164270,77,80,81,79,75,83,84,83,79,82
147013,75,79,75,76,71,76,75,69,76,79
226587,70,62,62,53,63,52,59,60,61,53
159717,70,70,68,66,67,70,69,68,68,70
155511,58,70,64,70,56,57,57,56,59,69
166656,81,80,83,85,84,87,89,79,82,76
147031,,,,,,,,,,
490328,,,76,,,,,,,
192925,61,65,61,64,64,63,59,66,66,68
239169,,,,,,,,,,
218335,,,,,,,,,,
220792,,,,,,,,,,
220808,,,71,78,72,68,69,71,76,67
220871,,,,,,,,,,
118693,71,66,76,78,71,80,82,74,74,71
140447,86,89,86,88,87,80,82,82,83,81
193016,77,75,73,72,76,66,70,67,68,67
153977,53,74,38,70,67,0,50,50,50,100
203960,92,81,89,83,53,57,86,100,77,90
213987,79,78,82,78,83,80,80,81,81,80
198950,81,80,80,78,79,79,72,71,77,79
166850,83,85,81,82,83,83,81,80,88,81
193061,83,75,75,100,100,100,100,69,100,100
193052,75,22,64,80,75,88,93,83,88,52
193070,93,75,89,78,86,100,83,100,83,91
417752,83,89,40,73,67,78,40,50,58,50
213996,89,87,88,85,88,88,87,86,83,85
147129,50,,84,100,100,79,68,50,100,
203997,,,,,,,,,,
198969,58,53,57,54,59,63,54,55,62,61
190114,75,36,47,34,57,42,52,37,44,53
174020,77,66,73,71,72,70,61,69,64,60
127565,67,65,63,65,70,63,66,65,66,67
166869,,,,,,,,,,
135717,,,,,,,,,,
204006,61,72,64,68,66,62,65,57,55,63
204015,66,69,69,63,54,58,61,54,49,60
204024,89,92,91,92,90,90,90,89,89,89
169220,,,,,,,,,,
171100,91,92,91,91,92,92,91,91,91,91
169628,,,,,,,,,,
171128,84,84,83,83,87,85,82,83,83,81
245953,63,60,56,55,59,45,58,57,58,54
151962,95,90,93,,,,,,,
199458,40,65,63,60,74,58,54,45,57,50
481225,60,100,,100,67,100,80,,,
155520,72,67,63,68,74,67,63,74,73,77
482158,53,64,65,68,68,67,70,,,
220996,,,,,,,,,,
220978,75,76,76,75,73,71,68,70,70,73
230959,94,96,96,94,97,96,95,97,95,96
119058,,,,,,,,,,
226806,,,,,,,,,,100
181330,61,60,62,64,59,59,62,63,66,60
157377,69,74,85,80,78,80,83,72,79,76
178208,80,63,40,64,62,81,64,67,79,71
226833,67,65,67,70,70,72,67,71,68,71
143853,,,,,,,,,,
423643,,,,,,,,,,
480985,60,67,0,44,100,91,,,,
101675,64,54,50,56,53,52,55,52,54,55
214041,77,75,77,77,76,77,81,79,81,81
486901,74,71,76,79,78,,,,,
147244,75,78,76,72,73,82,77,78,77,78
118888,77,75,77,78,82,71,81,77,78,82
175980,75,79,78,82,78,80,75,77,88,79
239309,81,80,75,69,74,76,81,73,80,75
239318,85,87,85,83,87,82,83,81,76,79
174127,72,86,80,83,82,83,70,84,78,66
174358,76,72,74,76,74,71,68,68,68,67
173920,77,74,75,73,74,73,74,70,77,76
200253,72,70,69,70,75,67,68,66,63,71
118912,,100,,68,70,71,67,66,65,66
193247,81,73,67,70,51,65,76,64,81,81
214069,82,79,85,82,85,80,81,86,86,81
211130,,,,,,,,,,
176053,76,80,77,81,79,72,68,73,75,69
176080,82,80,79,80,82,80,79,81,83,82
176035,75,63,59,59,75,69,79,74,75,75
176044,61,62,61,60,66,65,53,61,63,53
178244,71,66,59,61,58,63,60,62,66,64
178341,65,61,65,61,65,65,66,60,60,61
179566,78,78,77,79,78,75,75,75,75,73
178411,82,83,81,83,87,86,83,85,83,85
178369,42,44,45,43,45,52,44,49,50,54
178387,63,62,66,66,64,64,60,58,62,62
129774,63,60,65,57,81,59,65,56,61,61
175281,,,,,,,,,,
118976,,,,,70,74,71,75,71,74
193292,84,89,88,85,87,90,89,88,88,89
147341,79,73,72,73,74,74,76,76,74,75
185572,81,81,79,79,83,84,80,79,80,80
262165,,,,,,100,,64,,
180461,77,77,76,76,76,76,76,74,74,74
180179,62,54,57,54,53,57,59,55,56,56
180522,55,66,60,59,61,59,59,52,58,59
180416,79,73,74,76,73,71,69,66,68,66
185590,80,79,80,83,83,81,86,81,82,81
127954,,,,,,,100,100,100,50
199032,67,60,62,57,59,58,58,51,50,66
166911,71,82,81,79,76,77,70,68,79,68
147369,81,77,83,79,86,87,78,83,82,94
214148,72,72,77,73,73,84,79,74,84,80
214157,82,81,82,78,80,79,78,75,77,80
157386,73,74,72,71,66,70,69,67,74,67
140553,83,75,84,76,83,83,80,82,87,83
140562,,,,,,,,,,
127617,,63,62,62,63,69,58,51,61,57
163453,71,72,75,70,76,75,72,72,73,67
154004,68,71,70,65,74,75,73,68,75,70
218399,40,50,48,58,49,52,50,40,43,62
214166,68,72,59,70,64,67,60,66,62,62
209241,100,71,100,100,88,87,85,67,100,92
204176,61,64,67,84,85,88,77,79,86,81
166939,93,92,91,91,90,91,89,92,92,91
219198,72,71,72,74,69,70,67,68,66,66
239390,65,72,79,77,68,78,72,67,66,64
154013,75,67,75,72,78,81,82,75,76,82
204200,72,72,71,73,71,67,69,77,69,71
193353,80,85,78,77,78,74,70,70,68,73
119173,72,73,76,79,79,77,79,81,83,84
163462,79,74,76,75,75,79,78,80,82,80
204194,79,79,79,78,80,82,73,76,70,74
214175,90,88,91,90,93,91,91,94,90,93
209287,52,56,57,68,70,75,67,60,62,66
157401,79,79,77,74,72,72,73,70,72,70
204264,72,76,75,66,74,71,68,66,71,67
127653,70,73,62,53,78,70,58,51,79,53
239424,,,,,,,,,,
147536,58,61,68,74,42,52,72,79,57,0
119605,50,50,57,75,64,60,77,58,76,79
147590,,,,,,,,,,
209296,,,,,,,,,,
187596,76,68,56,68,44,57,44,58,,41
119678,,,,,,,,,,
127714,,,67,0,100,67,0,50,50,25
178518,,,,,,,,,,
193584,84,85,79,85,84,83,79,82,82,81
181376,55,50,81,83,74,81,57,57,68,56
181297,68,83,77,75,81,70,79,79,92,96
181446,83,83,75,78,79,81,78,75,85,79
163532,85,89,76,85,81,85,79,78,79,83
214272,76,71,77,69,70,73,66,74,73,73
441900,78,70,71,71,69,68,68,63,62,65
185758,,,,,,,,,,
262129,86,76,79,84,81,80,81,83,86,82
182980,58,56,50,60,57,61,62,63,60,60
167093,,,,,,,,,,
217305,,,,,,,,,67,65
167215,,,,,,,,,,
208725,65,64,53,55,50,63,47,54,55,53
185129,73,73,77,78,74,72,70,69,70,73
185828,88,88,88,88,88,84,86,82,82,81
187897,55,52,45,53,52,48,47,55,50,48
187967,77,76,74,77,75,79,77,74,71,73
188030,75,74,74,72,74,74,74,72,70,72
159948,55,58,,62,89,90,74,69,69,71
440396,89,86,94,94,83,,95,87,81,79
366368,,,,,,,,,,
193751,,,,,,,,,,
418126,,,,,,,,,,
194073,,,,,,,,,,
439783,,,,,,,,,,
194091,81,72,73,77,74,75,72,70,71,72
193821,,,,,,,,,,
193830,,,,,,,,,,
194116,71,100,100,100,80,89,71,55,93,86
193894,,,,,,,,,,
193900,94,94,93,93,93,92,92,92,92,92
218414,67,61,64,66,71,72,69,68,64,62
155335,72,78,80,74,71,72,73,70,70,68
193973,87,84,83,81,88,84,81,81,81,76
159966,73,74,70,70,65,69,68,71,71,70
167260,76,75,77,71,71,71,69,62,60,60
232937,74,70,71,77,72,74,72,74,73,66
461795,53,60,46,58,69,51,56,55,75,
199102,79,77,79,75,75,79,80,74,74,72
199157,76,82,77,81,80,77,73,71,68,69
199193,94,94,94,93,93,93,93,92,89,88
199209,67,63,61,56,52,56,49,56,51,62
147660,78,81,79,78,80,78,79,78,82,81
204422,58,56,53,48,59,46,53,46,44,47
174437,80,80,73,75,74,69,73,58,70,73
200332,79,79,79,80,78,80,78,80,76,78
136145,,,,72,70,69,67,65,66,66
218441,72,73,70,70,73,77,73,69,73,69
147679,75,75,71,78,75,79,81,72,75,70
236072,,,,,,,,57,54,50
444130,,,,,,,,,,
204477,,,,,,,,,,
147776,59,49,46,55,61,60,61,62,64,68
439817,,,,,,,,,,
207263,60,64,63,65,62,61,68,64,63,61
167358,99,97,97,97,97,96,96,96,95,93
482705,,,,,,,,,,
105330,78,73,76,76,74,74,72,76,73,71
147697,,,,,,,,,,
147703,72,73,73,73,72,71,66,70,71,74
157447,72,69,73,72,69,69,67,67,66,69
240790,75,71,74,65,62,58,61,65,54,59
171456,75,75,78,75,74,73,72,72,73,71
188058,61,41,58,67,55,50,51,53,50,64
219259,73,75,77,74,67,68,71,69,68,66
230913,62,66,64,69,68,68,62,65,64,65
239512,73,64,73,77,70,66,68,78,63,75
217606,73,63,65,60,64,74,79,73,65,63
443030,,,,,,,,,,
136233,,,,,,,,,,
380377,38,45,70,30,41,55,25,60,75,86
178624,76,78,73,71,71,71,66,67,69,70
142461,82,76,79,78,77,75,76,80,72,69
236133,74,84,80,76,82,74,78,82,78,70
487603,71,51,65,59,50,,,,,
154101,76,75,77,82,82,77,79,77,75,79
174507,,,,,,50,,83,,
171483,71,93,76,94,83,,,60,57,57
207306,57,60,54,57,53,60,59,62,59,57
120166,,,,,,,83,66,62,47
160038,70,71,76,70,72,68,72,68,69,71
147767,98,97,98,98,97,97,98,96,97,96
171492,80,79,73,77,78,78,83,77,82,80
230995,80,79,79,78,74,71,75,86,77,77
204468,60,60,67,62,64,62,60,63,67,68
120184,64,62,68,83,71,75,77,81,77,72
163578,75,69,82,68,79,85,72,70,71,76
136215,81,79,79,75,80,74,71,72,70,69
200086,,,0,,,100,100,0,,30
194161,64,72,59,72,68,64,71,66,66,75
174525,38,24,62,50,57,71,63,63,69,55
495059,,,,,,,,,,
152099,67,65,76,62,71,70,79,82,43,71
171571,76,76,77,75,76,78,78,70,73,73
101912,71,71,70,74,76,76,79,76,74,67
204501,91,89,91,89,92,94,93,94,93,94
227289,,,,,,,,,,
120254,93,90,91,91,93,93,93,94,90,94
227304,58,58,62,51,30,47,54,51,67,72
219277,56,63,70,58,57,50,43,43,31,56
140696,80,80,77,74,73,71,79,81,73,77
201964,61,70,65,62,67,64,64,53,53,57
204617,61,65,62,67,72,70,66,66,57,62
204635,85,85,82,86,86,88,84,86,88,84
204671,46,69,65,67,67,64,59,62,60,63
204796,94,95,94,94,94,94,92,92,93,93
204680,34,71,68,65,69,67,63,70,71,67
204699,50,74,70,69,64,70,63,67,67,70
204705,29,70,68,63,63,63,57,61,63,61
204820,55,61,57,54,48,50,51,52,48,56
204802,58,49,57,52,54,63,61,67,57,60
204848,57,53,56,56,58,65,60,60,57,64
204857,82,81,80,82,79,80,79,79,80,81
204839,68,54,57,60,56,50,51,51,47,43
204866,61,53,59,62,53,59,52,63,56,53
237640,54,66,62,55,58,54,64,46,69,61
204909,78,77,78,81,79,79,80,83,82,87
194189,,100,67,80,88,100,100,100,67,80
207403,68,66,72,68,74,74,74,74,77,74
207324,71,75,78,77,79,75,85,82,76,72
207458,83,81,82,80,86,79,81,80,75,78
207351,48,59,40,59,62,67,63,52,54,55
207315,,,,,,,,,,
207564,,,,,,21,36,,54,56
207388,83,82,81,81,81,81,79,79,80,78
207397,80,,,,,,,33,100,100
206835,55,44,53,60,53,62,50,59,66,62
232982,80,79,80,78,82,81,80,80,80,80
171599,69,60,63,67,63,59,64,71,67,67
147828,77,76,78,75,77,77,75,76,73,75
236188,,,,,,,,,,62
461120,,,,,,,,,,
207582,81,83,81,82,80,80,81,80,80,82
369659,,,,,,,,,,
209490,,,,,,,,,,
209506,76,80,79,75,78,73,74,69,73,70
209542,85,84,85,83,85,84,84,83,81,83
440828,77,68,79,63,,,,,,
120403,79,77,80,80,86,79,81,77,78,87
155636,,,,,,,,,,
428259,,,,,,,,,,
454582,,,,,,,,,,
155627,50,50,61,51,61,63,62,59,46,65
105367,,,,,,,,,,
464226,36,43,,,,,,,,
204936,82,82,81,83,81,78,76,76,75,77
107512,79,83,79,81,77,76,76,76,82,81
227331,63,68,61,56,59,63,56,60,59,60
178679,83,81,71,78,74,79,72,74,74,76
194310,78,79,80,77,78,76,76,74,78,74
407610,50,40,100,100,0,,,,,
439862,50,0,0,100,71,50,82,17,50,100
236230,81,83,83,79,83,82,82,83,82,82
209603,56,69,68,59,68,83,74,56,57,69
455406,,,,,,,,,,
120768,,,,,,,,,,
457484,56,60,86,67,67,71,85,73,87,63
120795,,,,,,,,,,
120838,,,100,100,100,,0,100,100,50
120865,80,82,68,77,76,79,85,78,75,70
209612,81,78,79,82,77,81,79,82,75,81
140720,60,66,48,35,32,56,68,52,61,65
136330,76,75,76,75,75,74,73,68,72,64
136358,,,,,,,,,,
154174,,,,50,,,,,,
120698,,,,,,,,,,
121628,,,,,,,,,,
178721,66,55,44,54,59,75,65,61,67,72
243823,79,76,80,80,67,,,,,
136400,,,,,,,64,60,63,66
495916,,,,,,,,,,
451927,90,,,,,,,,,
227429,57,68,62,57,57,48,57,44,77,51
194392,67,71,71,76,73,68,69,76,62,66
204990,,,,,,,,,,
214883,50,,100,100,50,100,63,0,50,100
236258,,,,,,,,,48,66
214971,85,86,76,65,81,93,100,71,82,78
215053,81,80,77,77,68,67,76,62,63,59
442356,85,90,64,,100,0,0,,100,
366252,75,80,80,78,75,76,70,67,66,64
214616,,,,,,,,,,
212018,,,,,,,,,,
214777,88,93,93,93,93,93,92,92,92,92
214801,,79,83,78,80,82,77,74,74,76
214689,,81,82,83,83,81,83,84,86,86
214698,,72,76,78,78,75,68,71,71,67
214704,,75,78,80,82,77,78,80,79,83
214731,,72,74,79,74,73,74,71,72,73
214740,,71,80,75,87,77,77,71,74,73
214591,,84,84,85,85,83,83,82,82,84
214759,,73,78,74,77,77,74,69,74,77
214607,,,,,,,,,,
214786,,83,73,75,79,72,71,75,70,69
214713,,86,88,88,87,83,82,81,84,85
214768,,73,83,81,79,79,76,78,76,81
214670,,80,81,87,78,79,81,81,76,72
214795,,79,83,76,77,75,74,74,76,79
214625,,78,78,74,67,82,71,71,74,75
214810,,77,82,79,75,75,71,69,71,74
214652,,79,76,74,75,70,65,69,71,69
214634,,61,55,60,66,59,77,56,63,58
214643,,84,81,76,84,78,81,84,73,80
214829,,85,77,82,80,75,76,76,77,76
479956,,62,54,59,53,57,0,0,,
136473,,,,,,,,,,
219842,,,,,,,,,,
121150,91,91,90,90,94,92,92,91,93,89
181534,67,62,57,63,54,58,58,63,53,61
199306,59,64,61,60,69,66,64,71,69,63
215123,,,,,,,,,,
107600,66,69,58,69,63,78,54,63,60,78
189282,,,,,,,100,,100,100
414966,,,,,,,,,,
381459,,,,,,,,,,
140818,66,62,67,68,63,73,70,75,78,67
235237,,,,,50,53,52,56,50,53
127820,,,53,52,50,49,53,51,50,54
440794,74,63,71,60,54,81,62,82,70,67
167455,60,64,59,49,48,70,62,48,61,65
155681,74,75,74,75,74,72,74,69,73,73
215415,62,85,59,67,63,64,64,63,67,63
215424,,,,,,,,,,
121257,93,91,95,94,93,90,91,90,93,93
183080,68,69,68,70,76,74,72,74,74,76
121309,88,85,89,86,84,84,89,83,81,84
215442,75,76,78,79,72,77,76,74,75,77
138868,63,52,52,68,55,48,48,52,64,69
136516,,,,,,,,,,
456481,100,100,100,100,100,100,33,,50,0
456490,83,100,50,50,0,0,0,0,50,33
121345,97,97,98,97,97,98,97,97,99,97
241395,88,77,70,62,75,72,75,76,74,72
243586,79,68,70,76,78,73,67,80,71,71
241410,81,81,77,77,86,82,75,74,84,84
205027,33,91,77,94,89,100,84,100,67,67
131405,,,,,,,,,,
455813,,,,,,,,,,
167464,,,,,,,,,,
209807,74,76,72,74,71,73,73,74,73,70
237701,45,39,46,41,44,42,45,46,45,50
227526,66,74,71,69,66,67,68,67,64,71
194578,89,88,88,85,85,85,87,82,83,80
218539,76,76,82,76,81,83,80,86,76,84
490045,,100,33,,,,,,,
105589,61,72,72,71,75,68,73,73,62,60
219295,49,64,58,59,59,53,58,50,67,62
486433,,,,,,,,,,
186122,,,,,,,,,,
186131,98,98,98,98,98,98,98,98,98,99
148016,94,88,88,91,88,90,87,88,,85
455770,54,77,61,59,77,65,64,60,89,96
217402,91,93,92,93,90,92,91,90,90,91
127884,,,47,,52,55,60,50,50,56
151102,57,55,58,61,64,68,67,62,58,63
489779,100,,,,,,,,,
490805,67,69,68,,,,,,,
243780,91,92,91,91,92,92,91,90,90,88
199412,75,82,78,77,74,73,70,70,70,71
148131,67,63,64,64,69,76,67,70,72,75
130226,84,86,86,89,87,85,85,84,87,86
384421,83,57,79,96,84,78,79,90,71,77
194657,90,100,92,94,90,80,94,83,85,88
194693,63,67,70,62,80,50,47,77,100,100
194666,99,100,98,98,100,97,98,100,96,98
186186,80,59,65,48,49,63,56,48,57,50
194736,89,90,90,75,,,,,,84
405854,58,43,44,53,50,53,58,67,53,74
484871,88,91,92,100,85,95,,,,
205124,74,82,57,75,100,92,71,80,75,50
194718,,,,,,,67,56,67,79
194763,14,16,15,16,16,17,25,20,16,13
233277,71,71,76,74,75,75,78,74,76,76
231837,,65,68,65,60,73,61,55,67,84
186201,85,88,86,86,86,88,87,88,85,88
207157,60,41,46,36,30,68,45,44,62,59
233301,68,65,67,72,77,74,75,80,75,76
233295,84,86,84,85,78,77,77,80,80,75
178891,56,61,100,,0,68,74,72,79,78
215619,,,,,,,,,,
127909,,,49,,63,56,57,57,54,54
209922,91,88,88,87,88,90,94,92,92,90
215628,,,,,,,,,,
490230,86,100,67,,,,,,,
231651,78,76,78,78,80,78,77,79,76,72
167598,89,85,84,78,82,84,77,77,82,68
127918,84,79,80,80,79,78,82,83,82,93
140872,66,60,59,56,58,63,60,63,56,58
492209,,,,,,,,,,
475033,,,,,,,,,,
223463,,100,100,,100,100,100,77,75,75
460783,52,52,52,37,44,62,53,47,55,
412599,,67,,50,,57,,55,67,
366535,56,70,61,58,61,61,64,56,60,66
445203,,100,100,52,62,73,73,64,72,69
451866,,100,,,100,59,67,68,73,61
129428,,,,,,,,,,
194824,92,92,93,93,94,93,94,94,93,91
236382,,,,,73,67,69,69,72,64
149763,,,,,,,,,,
217420,75,73,75,74,76,79,77,75,76,76
217493,92,94,95,93,95,95,93,95,95,94
221351,92,90,91,93,91,88,93,90,87,87
227757,98,97,97,96,97,96,98,96,97,95
441104,,,,,,,,,,
186283,77,78,80,78,80,81,79,76,82,79
136774,84,81,84,87,84,83,78,79,83,82
121886,,,,,75,79,74,75,73,26
239628,78,79,71,81,83,84,86,86,81,85
233408,100,75,50,100,100,86,100,100,100,83
183211,62,72,73,78,77,74,77,78,78,78
233426,78,78,84,84,80,80,80,81,77,81
215655,83,81,81,80,85,83,81,76,81,73
148335,50,45,51,49,49,50,47,47,45,46
194958,79,78,82,75,78,80,86,80,73,83
195003,88,89,90,87,89,86,87,89,86,88
170967,60,66,65,46,59,65,57,57,61,65
195049,,,,,,,,,,
148405,66,66,66,66,65,64,58,61,69,61
179043,83,86,86,83,85,89,87,86,82,82
180595,70,67,67,69,71,71,68,67,70,66
217518,85,81,79,83,81,79,83,78,80,79
409616,,,,,,,,,,
207661,63,62,62,73,65,65,60,60,64,58
136950,87,86,83,83,89,83,83,84,81,82
148487,73,74,64,57,65,65,58,58,65,56
145558,,,,,,,,,,
152318,90,92,91,94,93,94,91,93,92,89
445735,,,,,,,,,,
215691,74,71,64,72,77,67,71,80,67,66
184782,83,84,85,85,86,84,84,85,87,83
148511,,,,,,,,,,
195128,72,78,79,78,78,81,78,75,74,76
176318,44,49,76,62,51,71,63,66,53,57
186371,85,84,88,89,84,82,77,78,76,76
186380,93,93,94,93,93,92,91,91,90,91
186399,83,88,84,84,87,86,74,84,78,83
172033,67,67,50,100,100,100,100,100,100,80
239637,,,,,,,,,,
130253,83,83,84,81,83,82,81,83,75,76
172051,74,77,74,67,72,71,70,70,70,68
154235,76,80,78,77,79,77,80,78,78,81
183239,89,91,89,85,90,90,85,88,85,84
149028,,,,100,,,,,,
148876,,0,0,,,,,0,0,51
199582,57,45,44,55,40,42,61,46,51,50
216047,75,100,82,69,100,80,83,78,76,85
174783,67,72,67,69,72,73,71,70,69,73
227845,80,79,80,81,85,83,83,79,81,83
186618,69,62,68,56,71,68,68,68,64,69
148575,,,,,,,,,,
215743,85,76,85,89,87,85,82,78,83,85
195720,88,87,85,85,86,88,83,84,83,81
167677,,,,,,,,,100,73
137281,,,,,,,,,,
174792,85,87,88,89,85,88,86,89,89,92
160409,82,67,82,76,87,89,100,100,67,56
161518,82,83,82,81,86,77,76,75,75,76
215770,88,89,91,91,90,90,89,89,89,89
137032,69,72,72,72,71,68,69,73,66,69
179256,33,100,21,50,82,53,81,48,63,60
179159,91,90,90,91,90,88,87,88,85,83
179450,33,,,,,,,,,
236452,78,78,76,81,76,80,83,74,75,73
152390,82,85,84,86,90,89,88,88,86,85
123554,84,85,86,86,88,89,90,89,87,86
174817,84,82,77,70,80,79,79,75,77,75
152381,66,72,66,71,74,82,77,78,59,73
152451,,,,,,,,,,
231059,83,84,83,89,87,90,88,90,87,89
239716,82,83,83,86,82,84,81,84,82,84
179317,,,,,,,,,,
186432,81,82,82,81,81,81,74,75,73,72
215798,81,82,86,83,87,82,85,81,84,83
136701,,,,,,,,,,
215813,,,,,,,,,,
195580,,,,,,,,,,
148627,76,74,72,74,72,75,75,69,72,72
199607,76,72,75,83,83,75,80,69,73,74
167729,73,74,77,79,80,81,78,74,73,70
163851,81,83,83,84,82,82,80,84,83,81
180647,65,58,65,64,71,38,31,33,32,37
214564,,,,,,,,,,
217536,85,83,84,82,86,84,79,81,80,84
227881,75,76,77,77,80,79,78,75,73,72
102049,89,90,87,89,89,88,87,87,84,86
122296,,,,,,,,,,
112084,62,51,77,68,60,73,68,67,62,48
122375,,,,,65,68,66,66,62,65
122409,89,89,89,89,89,88,88,89,89,86
122454,50,59,51,49,54,69,65,63,53,64
122506,92,87,76,100,73,82,86,90,80,80
122597,80,80,81,80,82,84,82,80,81,77
227979,72,72,72,71,68,66,67,64,66,65
122649,,,,,,,,,,
122755,87,83,87,87,86,87,88,83,87,85
430670,100,100,67,50,100,100,100,0,,
481535,,,,,,,,,,
121619,,,,,69,71,71,74,69,66
122931,94,95,94,96,95,96,95,95,94,93
137096,,,,,,,,,,
122977,100,,,,69,71,70,72,73,71
195304,83,80,82,89,83,85,83,90,89,85
140951,84,84,83,85,85,82,81,80,82,82
140960,61,60,58,60,61,67,70,72,71,72
123095,,,,,,,,,,
143048,82,81,81,81,82,82,81,79,78,76
172200,,,,,,60,58,57,62,72
228042,64,61,71,69,70,67,67,71,64,63
123165,93,92,91,92,94,94,93,92,90,96
236513,,,,,,,,,,56
236577,81,80,79,82,87,85,85,84,85,88
236595,88,85,84,87,84,87,86,87,86,89
102058,33,33,33,67,47,35,42,38,47,47
243498,,,,,,,,,,
137209,,,,,,,,,,
232885,,,,,,,,,,
186584,83,83,85,85,84,85,83,84,81,80
215947,78,82,85,80,83,79,78,78,75,74
195438,100,33,50,14,73,40,50,45,54,56
123280,0,100,100,100,100,83,60,100,73,86
123299,,,,,60,60,58,57,61,59
199643,57,47,43,48,49,42,43,39,48,54
205443,78,70,68,72,64,57,52,49,53,54
233541,84,83,81,82,77,76,76,80,76,72
237792,71,69,65,60,66,68,68,63,68,70
461485,,,,,,,,,,
218751,,,,,,,,,,
480499,,,,,,,,,,
216010,75,72,71,75,69,74,71,68,70,74
140988,59,55,53,59,58,61,71,54,68,76
195474,86,88,88,87,90,89,86,89,85,87
172264,68,70,71,72,72,63,59,66,66,68
182458,56,56,68,65,73,64,74,78,60,58
461759,75,49,41,72,75,,,,100,
167783,83,80,82,83,85,86,86,85,85,82
154350,78,77,80,77,81,82,79,82,77,80
123457,66,64,68,82,74,73,81,74,63,65
205470,,56,53,55,56,53,46,46,51,54
219374,100,100,100,100,70,67,75,78,78,63
219240,,,,,,,,,,
231068,,,,,,,,,,
200466,,,,,,,,,75,100
236638,,,,,,60,58,50,51,58
195526,91,91,93,91,94,95,93,92,95,94
216038,83,81,81,83,83,82,82,81,81,81
167835,94,93,93,94,90,94,94,93,94,91
230597,67,64,64,63,61,55,44,53,56,63
399911,94,92,94,94,93,96,96,99,94,96
123563,,,,73,69,74,70,69,71,70
123572,78,81,79,80,81,81,84,80,80,80
123633,,,,,,,,,,
218733,68,64,69,70,57,63,60,61,65,63
219347,78,76,80,78,77,77,79,80,79,78
219356,78,76,77,79,76,77,76,75,73,77
366003,75,63,67,80,80,100,100,100,100,
137315,,,,,,,,,60,58
482699,33,,,,,,,,,
236504,,,,,,,,,100,65
409315,64,72,70,70,61,67,86,100,50,60
228194,,,,,,,,,,
417734,,,,,,50,,100,100,50
179557,75,74,75,74,73,73,73,74,71,69
176336,100,100,100,100,40,100,100,100,100,89
199759,80,77,81,78,74,79,81,,,
233602,58,,,,,,,,,
160612,68,67,66,62,64,62,63,67,69,67
207847,62,64,64,55,61,64,57,57,53,55
137564,65,72,67,71,67,66,69,64,66,63
221661,81,76,76,80,79,78,77,75,76,73
107983,67,65,66,66,62,63,64,60,60,62
123952,89,71,86,81,94,97,94,83,88,80
117575,100,,75,,0,50,67,,75,100
117672,,,,,,,,,,
221670,,,,,,,,,,
130493,73,72,78,77,75,75,75,73,76,78
149222,75,72,67,64,68,68,60,61,66,69
149231,79,75,73,72,74,73,69,71,70,72
228246,91,91,91,91,90,89,89,90,89,89
206862,73,75,72,66,62,76,68,58,62,64
183026,65,68,58,53,61,68,69,73,72,64
210146,70,69,72,68,72,74,67,68,69,70
160621,61,64,64,62,65,70,67,69,70,71
160630,52,48,52,47,57,56,52,61,47,48
440916,,,,,,,,,,
230603,74,73,71,69,64,66,65,66,66,63
233611,81,81,81,68,76,70,71,71,55,49
217776,69,68,77,72,69,73,66,63,73,70
179326,69,71,64,69,67,67,64,67,62,68
420246,,,,,,,,,,
175078,67,65,60,69,68,69,67,69,70,68
104188,67,81,88,83,84,77,85,85,76,77
228468,68,64,81,72,73,69,72,61,58,66
228325,67,70,72,75,74,74,67,65,66,67
494603,66,,,,,,,,,
228486,,50,60,50,50,50,50,50,50,100
207856,45,41,44,59,57,44,52,52,58,66
155900,66,54,62,61,65,66,66,60,63,64
188207,,,,,,,,,,
123970,,,,,,,,,,
207865,67,66,66,68,66,66,70,66,57,67
228343,86,81,86,85,87,82,87,86,85,86
157757,70,74,65,73,78,74,73,74,73,72
218821,,50,50,53,55,51,53,52,51,48
141060,88,91,89,91,90,89,88,90,89,88
148982,,,,,,,,,,
236692,,,,54,58,58,52,57,54,49
236708,,,,,54,58,55,56,53,58
172334,78,80,79,78,79,77,76,78,74,71
102234,70,72,79,76,81,73,76,74,76,78
167899,86,81,87,84,87,83,84,85,84,85
475273,,,,,,,,,,
195155,,,,,,,,,,
195164,84,86,84,82,86,84,81,81,80,80
175005,80,78,81,81,86,78,79,83,84,84
195173,76,77,74,78,76,81,80,78,80,76
123855,,,,,,,,,,
195216,90,89,92,90,89,90,90,93,90,92
154262,,,,,,,,100,100,100
174844,91,91,92,92,93,93,94,93,94,93
137078,,,,,,,,,,
199698,49,48,42,51,57,60,70,70,75,47
137272,88,57,50,100,100,91,82,100,67,67
163976,86,91,87,82,79,86,89,81,90,83
245652,79,74,78,83,82,90,79,72,67,78
148593,,,,,,,,,,
195809,82,84,83,84,80,79,80,76,79,78
195562,82,80,80,,,,,,,
195544,81,79,82,85,86,83,84,85,87,84
163912,85,82,87,87,86,85,90,87,87,87
228149,74,75,73,76,76,77,73,77,75,78
195243,71,81,74,74,82,77,74,75,76,75
137476,72,72,65,70,57,72,62,70,67,69
243744,99,99,98,98,98,98,99,98,98,98
123916,,,,,,,,,,
135391,,,,,,,,,,
196176,85,83,86,87,89,89,87,87,88,87
228431,70,71,72,71,71,70,67,63,65,64
179548,63,64,61,68,72,61,67,74,65,67
155937,59,50,55,61,62,63,66,55,62,68
231095,56,57,67,50,57,82,63,55,75,58
137546,77,76,78,79,77,79,78,79,77,76
186867,94,95,94,95,94,92,96,88,93,91
230621,33,45,43,70,100,50,62,70,84,86
230630,63,67,40,77,80,80,38,67,45,64
438151,60,33,8,45,81,53,64,47,39,45
474906,75,100,50,67,100,13,30,,,
460899,20,47,29,50,67,36,58,46,38,
446677,33,33,67,29,100,60,100,80,45,75
164173,82,79,81,75,80,79,75,69,75,76
102270,63,68,52,40,60,67,61,61,61,50
186876,83,85,87,86,87,87,87,84,83,87
366340,50,50,55,58,43,21,52,47,40,27
167996,82,87,86,92,89,90,87,86,87,92
196097,89,90,90,89,90,89,90,90,92,88
168005,77,76,77,75,74,76,75,76,75,72
228501,52,48,58,60,59,51,48,45,49,43
447953,53,57,85,52,52,56,53,59,52,86
181543,50,100,100,100,100,100,54,40,75,50
196060,80,81,83,84,82,81,81,83,84,86
196158,70,73,78,79,78,79,78,78,77,86
196219,81,81,83,81,81,79,82,83,81,80
196121,74,74,78,82,82,82,81,81,84,85
196130,58,61,66,68,71,73,75,75,76,74
196167,85,85,86,87,89,90,90,90,91,92
196237,76,76,80,79,81,84,76,80,76,75
196194,77,76,78,81,80,80,78,79,79,81
196246,75,78,82,80,83,81,84,78,81,81
196200,73,75,75,75,75,80,74,75,77,78
196033,77,74,73,69,73,77,74,74,85,84
196103,82,84,85,88,85,84,86,86,84,89
196228,,,,,,,,,,
196006,78,69,65,69,88,86,85,79,66,85
196015,70,76,77,71,83,76,76,75,75,67
196024,73,79,74,73,75,69,69,68,80,68
196149,80,80,80,76,78,81,83,80,85,84
196255,,,,,,,,,,
196264,52,51,52,44,50,57,49,46,50,47
196291,78,86,85,85,87,85,79,80,76,79
196051,68,64,55,65,68,77,67,69,62,57
196185,80,83,85,83,86,87,87,85,84,85
196112,74,78,80,79,74,75,84,70,71,73
216278,87,80,87,83,86,83,84,84,84,83
216287,98,97,98,98,98,95,96,97,97,94
233718,65,73,72,50,34,75,69,74,78,76
196413,92,90,91,91,91,92,92,92,92,91
155973,55,67,60,59,59,61,61,56,69,66
236753,,,,,61,65,62,62,62,59
102298,64,70,64,57,59,45,33,39,53,54
137759,,,,,58,60,59,57,56,57
137777,88,90,80,74,75,75,60,61,75,67
186900,100,60,,41,50,78,8,13,23,20
196440,,83,100,,40,57,75,67,,100
451404,63,66,54,55,40,84,66,76,74,93
196431,89,74,74,39,75,100,70,72,66,67
216311,92,97,86,89,78,84,88,89,88,66
228529,65,70,67,71,66,68,68,67,67,68
152530,85,86,90,85,87,88,89,88,85,88
196468,,,,,,,,,,
488800,,,,,,,,,,
149329,85,100,85,100,89,100,78,82,82,82
216339,89,89,90,90,90,89,89,87,87,89
221838,64,64,58,56,64,62,60,56,67,63
221847,77,75,79,79,75,76,75,70,73,76
221731,70,68,68,67,68,63,61,63,66,65
226152,79,77,76,78,76,76,74,73,68,73
228723,93,92,92,91,90,90,91,92,92,91
224554,63,66,67,63,73,68,67,70,71,63
224147,60,58,56,58,59,56,57,63,60,65
228705,65,67,68,71,69,64,64,61,56,59
483036,,,,,,,,,,
459949,69,59,71,,,,,,,
224545,59,57,57,45,52,56,40,43,47,
228866,,,,,,,,,,
228875,91,92,91,91,90,90,90,90,87,86
228884,46,65,50,51,39,35,32,44,38,38
228981,73,71,72,68,73,70,70,67,75,67
229063,53,54,57,50,46,53,55,61,61,61
228459,76,77,78,77,78,76,77,76,79,79
229115,87,85,84,84,83,83,82,81,82,82
229337,,,,,,,,,,
492689,,,,,,,,,,
229160,52,51,57,44,57,51,71,65,59,66
229179,73,73,78,79,76,74,73,69,68,72
132408,72,76,72,87,76,72,83,69,82,71
131283,88,87,86,84,86,82,83,84,80,80
455433,,,,,,,,,,
143978,,,,,,,,,,
455664,,,,,,,,,,
491190,,,,,,,,,,
459745,,,,,,,,,,
487153,,,,,,,,,,
201821,77,76,77,79,83,,,83,95,92
142294,78,79,78,68,82,86,88,83,80,89
187134,93,93,94,94,95,93,93,94,94,93
195234,70,74,75,77,79,78,75,81,78,80
174899,81,80,80,81,84,84,84,80,77,84
133960,,,,56,57,55,58,50,50,56
206589,86,87,85,86,88,89,87,90,90,89
492087,,,,,,,,,,
235167,66,66,61,68,67,69,74,72,71,73
191320,,,,,,,,,,
146241,,,,,,,,,,
192110,95,96,93,96,98,98,94,98,96,96
454184,78,79,73,69,66,62,60,69,68,61
439701,69,73,80,69,61,60,57,45,29,33
117751,86,86,85,88,85,86,81,77,84,82
167057,91,92,93,90,88,92,94,99,95,90
193654,82,82,81,82,81,83,83,83,82,81
495767,,,,,,,,,,
475228,,,,,,,,,,
125037,,,,,,,,,,
104665,,,,,,,,,,
441131,,,,,,,,,,
157748,76,81,74,82,80,69,92,82,82,87
100751,87,88,87,86,86,87,87,85,86,85
475237,,,,,,,,,67,
202763,76,80,81,80,78,80,76,74,78,74
180489,71,68,69,69,73,73,73,74,72,74
180692,76,75,77,69,79,67,69,77,70,68
137847,77,76,78,74,75,72,75,74,75,69
487010,,,,,,,,,,
221740,71,73,73,74,71,70,69,67,69,68
221759,87,87,86,86,85,87,86,85,84,86
221768,75,74,76,75,75,71,70,71,73,71
228769,75,74,71,69,71,69,71,72,71,70
228778,96,95,95,95,95,94,94,93,92,92
228787,89,88,88,87,84,86,88,85,83,86
228796,75,73,74,73,72,68,70,72,75,73
229027,73,73,74,71,68,64,64,63,62,57
228802,71,62,64,58,62,61,66,64,64,64
229300,,,,,,,,,,
228644,,,,,,,,,,
416801,,,,,,,,,,
228653,,,,,,,,,,
229018,63,68,66,69,71,69,66,66,59,61
227368,76,76,79,80,77,76,76,75,74,72
215105,80,84,82,83,76,81,82,80,80,82
221519,88,89,88,88,89,88,91,86,90,85
233897,67,72,65,63,72,67,71,71,62,70
138354,81,80,77,74,72,74,70,71,73,73
126012,,,,,,,,,,
216348,,,,,,,,,,
216357,63,58,55,66,67,69,65,67,58,67
124292,94,91,92,92,94,97,87,84,90,92
161563,72,65,63,70,71,68,65,66,60,61
187046,,,,,,,,,,
126049,,,,,,,,,,
216366,84,81,,,,,,,,
183275,96,77,100,100,86,86,43,74,81,94
157809,59,63,67,70,66,71,60,65,68,70
141167,99,47,54,50,60,66,47,47,63,50
206048,65,67,64,64,62,62,65,65,69,62
141185,64,61,66,72,66,71,75,68,67,67
196583,67,24,0,14,67,38,48,60,65,73
176406,73,74,68,75,67,82,70,79,78,68
196592,84,78,82,55,67,64,63,84,82,82
459736,,,,,,,,,,
459824,,,,,,,,,,
459727,71,69,78,85,100,67,67,40,89,90
164076,86,85,85,85,86,86,86,86,84,85
445054,,,,,,,,,,
157818,82,82,82,86,85,83,87,88,86,87
221892,76,77,76,82,77,79,75,74,69,78
206154,,,,,,100,0,100,75,
152567,76,80,80,76,73,72,74,69,73,77
414878,0,100,50,50,80,0,75,56,50,50
137953,65,52,64,34,59,47,47,58,78,39
200484,64,71,51,68,68,63,65,72,53,64
149505,78,81,86,83,82,84,74,80,80,76
130590,91,91,88,90,88,89,91,88,92,92
137962,55,40,65,55,39,29,61,45,52,41
146755,,,,100,,,,100,100,75
216463,,,,,,,,,,
135610,50,,,,,,,100,100,
149514,65,57,67,62,71,77,69,68,74,71
123448,,,,,,,,,,
229267,92,91,89,89,90,88,88,89,89,90
131876,74,65,57,66,69,60,55,64,66,68
196653,,,,,,,,,,
102368,75,73,70,74,79,75,74,72,74,73
182500,,,63,65,66,64,66,69,63,63
141237,63,61,68,63,62,67,64,59,74,62
178615,84,83,86,87,89,88,87,89,86,87
168148,96,96,96,96,97,97,96,97,96,97
160755,93,94,93,92,92,92,90,89,90,90
200527,56,73,92,58,60,78,50,38,66,3
221953,62,54,65,68,59,62,50,57,59,60
102377,74,70,68,70,70,72,72,73,74,71
229355,,,,,55,53,47,51,49,45
246789,,,,,,80,,,,
491525,63,71,,,,,,,,
196866,93,95,92,92,93,90,92,94,94,93
157863,63,64,58,65,56,62,56,53,56,59
181738,72,70,80,81,71,75,68,72,72,66
206279,100,50,75,50,,67,44,8,71,79
233842,,,,,,,,,,
196884,,,,,,,,,,
221971,84,88,86,85,84,88,94,92,94,84
213631,,,,,,,,,,
128328,94,95,94,94,94,94,89,95,93,90
130624,98,97,94,97,90,98,94,93,95,93
197027,92,98,92,93,94,95,97,86,97,81
197036,95,97,96,95,93,94,96,95,92,95
164155,97,97,95,98,98,97,98,97,95,97
102395,,,,,,,,,,
197018,92,93,90,88,90,92,89,91,87,80
206288,,,,,,,,,,
175139,,,,,,,,,,
200554,,,75,73,63,33,70,40,,33
161572,69,71,64,72,66,74,77,76,71,76
376385,100,100,67,0,0,0,0,,74,73
241191,73,70,73,77,73,67,84,68,62,68
243346,79,70,72,75,77,69,70,72,74,73
241739,72,68,72,73,75,70,71,71,73,69
243601,81,75,77,76,77,75,72,73,74,71
483595,,,,,,,,,,
241225,78,48,48,54,65,73,70,70,70,69
243568,80,81,91,83,40,92,69,92,100,82
243443,81,73,77,77,76,75,76,74,72,73
441690,83,57,100,80,75,67,78,,43,100
243577,87,82,89,85,77,78,77,75,71,69
241614,65,39,47,59,67,46,67,80,64,75
196088,86,87,87,86,88,88,88,87,88,88
200800,71,72,73,73,74,74,66,67,72,71
100663,83,82,84,82,79,83,80,80,79,80
100706,83,83,82,83,80,77,81,79,79,75
102553,66,67,69,70,71,72,71,71,70,71
102614,73,73,77,75,75,78,77,74,76,76
102632,59,74,70,56,64,72,72,56,57,63
104179,83,81,83,80,80,82,81,80,77,77
487296,,,,,,,,,,
106397,84,84,82,82,82,83,82,81,83,83
106245,66,68,69,68,72,71,70,67,62,64
106485,66,61,52,52,45,47,42,41,42,43
106412,72,70,71,70,70,62,56,55,56,57
106263,,,,,,,,,,
493725,,,,,,,,,,
108092,65,64,67,65,65,66,62,63,62,63
161873,87,77,68,72,71,79,67,73,77,76
128744,69,67,71,64,56,67,64,62,53,52
110635,97,97,97,97,96,96,96,96,96,97
110644,92,92,93,93,93,93,93,92,93,92
110398,,,,,,,,,,
110653,94,93,94,92,93,92,92,93,94,95
110662,97,97,97,97,96,97,96,96,97,97
445188,85,81,81,86,84,83,84,83,85,87
110671,90,89,89,91,91,90,89,88,88,87
110680,93,94,94,95,95,95,94,94,96,96
110699,,,,,,,,,,
110705,92,92,93,93,93,92,92,91,92,91
110714,89,88,91,90,88,89,89,91,91,89
106704,75,74,72,73,72,70,70,70,69,73
132903,91,90,90,89,89,88,87,88,87,87
176965,74,70,72,71,71,70,69,69,73,72
206941,65,65,64,61,62,66,65,65,66,68
237312,65,67,59,66,66,61,66,70,63,70
144050,99,99,99,99,100,99,99,99,99,98
201955,,,,,,,,,,
201946,,,,,,,,,,
201885,88,86,86,88,88,86,85,86,85,84
126614,87,88,87,86,86,84,85,83,84,85
126580,70,69,66,69,68,66,71,67,71,69
126562,70,72,67,71,68,72,75,71,76,73
129020,94,93,94,92,92,93,94,93,92,93
436827,86,78,86,84,86,87,79,81,80,77
463056,83,84,82,,,,,,,
436836,81,80,84,85,85,87,82,86,78,81
436818,81,84,85,84,84,85,84,83,82,84
224323,85,79,85,83,81,80,77,80,80,82
202480,89,91,90,89,91,91,89,88,86,88
130943,91,90,91,91,92,91,92,92,93,92
127060,85,88,87,87,86,86,87,86,89,87
169716,82,83,87,83,85,81,82,79,84,81
153278,65,66,59,66,67,65,64,76,72,67
150534,84,86,84,89,81,85,86,85,83,82
134130,97,97,96,97,96,96,96,96,95,96
484473,63,90,86,80,88,,,,,
457402,,,,,,,,,100,
139959,96,95,95,95,95,94,94,94,94,94
240754,77,73,72,76,77,76,70,76,69,67
129525,75,76,73,75,74,74,73,65,72,69
141565,73,66,68,71,63,66,70,70,69,71
141574,81,79,79,77,78,79,78,79,78,77
141839,62,75,,,,,,,,
141981,76,72,65,70,67,61,68,67,38,56
179265,86,90,86,91,88,88,93,89,91,90
160065,80,76,69,75,63,72,71,77,67,77
225511,85,85,85,85,86,86,85,83,81,82
225414,80,74,74,76,71,,,,,
225432,73,71,72,66,66,66,63,67,60,59
225502,61,56,56,62,61,55,48,55,54,
142285,77,81,82,78,80,77,79,77,80,81
145600,79,80,80,80,81,80,80,78,79,82
148654,79,77,78,73,77,79,74,72,75,76
145637,93,93,92,94,93,93,93,94,93,94
151263,73,74,75,77,75,74,74,72,74,76
153658,86,86,86,87,85,86,86,86,86,86
200156,72,60,72,77,78,66,61,68,73,67
155317,86,84,83,81,80,80,80,79,80,79
157085,85,85,83,82,83,82,83,81,82,82
117140,82,83,79,88,85,86,88,86,86,84
160658,76,75,75,75,76,76,74,74,74,73
159993,73,71,72,74,76,70,67,68,69,72
157289,80,80,81,80,79,81,78,77,78,78
232609,75,79,75,81,75,70,78,73,73,72
161253,74,78,75,76,76,77,81,76,78,79
161217,61,59,54,56,56,49,53,52,48,53
161226,73,71,72,74,75,75,71,71,74,76
161235,65,63,61,75,70,64,59,64,62,65
161244,49,55,63,64,63,76,66,67,64,67
161341,63,62,57,63,63,51,59,58,63,64
200217,80,82,75,80,75,76,71,71,72,79
226471,67,73,73,71,69,68,66,68,64,60
232681,80,82,84,83,82,78,80,83,85,83
163338,62,63,64,58,68,73,68,69,68,65
163204,52,53,38,43,38,28,36,29,40,37
163259,,,,,,,,,,
163268,87,87,88,87,86,89,87,85,85,84
163286,95,95,96,95,95,96,95,94,95,95
166708,,,,,,,,,,
166629,91,91,91,91,91,90,89,88,89,89
166638,75,76,78,79,78,80,77,79,75,75
167987,70,71,74,73,75,79,76,74,74,70
166513,83,85,86,85,86,84,84,81,79,78
220862,78,76,75,80,77,78,76,76,77,78
135726,93,92,91,91,92,93,91,91,91,90
170976,97,97,97,97,97,97,97,97,96,96
171137,81,78,81,74,80,80,84,82,82,83
171146,74,72,77,68,72,72,80,74,70,72
174075,72,68,70,76,65,66,69,73,72,67
174233,80,79,77,78,76,77,75,75,78,77
174251,79,78,80,78,77,79,87,78,83,81
456959,76,80,69,69,72,81,79,85,78,68
174066,93,93,93,93,93,92,90,91,90,89
176017,87,85,85,85,87,85,86,81,81,83
178396,88,87,87,86,87,86,84,84,85,84
178402,76,73,75,75,75,73,73,69,74,75
178420,77,76,75,79,75,79,75,78,78,74
101693,75,76,69,71,75,77,77,73,70,71
101709,74,76,78,73,77,79,74,78,77,72
199069,62,67,68,64,58,70,64,58,70,62
204185,72,77,75,79,78,78,74,76,72,74
181215,77,80,79,84,80,80,76,79,77,82
181394,74,75,76,77,77,77,75,72,73,73
181428,,,,,,,,,,
181464,81,83,83,82,83,84,84,84,84,84
182281,79,76,74,77,74,77,77,76,76,78
182290,81,81,81,81,81,82,80,79,79,79
161457,81,76,78,81,75,80,74,75,75,80
183071,69,84,74,86,81,81,67,67,75,73
182829,,,,,,,,,,
183044,86,86,86,86,85,86,86,86,87,88
129941,77,76,79,80,79,80,76,76,75,72
187985,77,74,78,80,80,79,78,77,74,78
159939,68,71,62,64,62,69,67,65,67,64
101879,75,75,76,75,76,72,71,69,71,65
199111,73,73,75,78,79,77,80,78,80,82
199120,96,97,96,96,97,97,96,97,97,96
199139,83,82,83,82,83,82,80,77,78,77
199148,75,77,78,76,77,78,74,76,76,77
199281,72,74,69,67,67,68,68,64,62,73
199184,87,88,91,85,83,89,85,85,85,80
199218,86,83,87,85,85,84,86,86,86,86
200280,78,80,81,80,81,80,75,74,77,79
136172,83,82,81,80,80,83,82,83,81,83
482680,79,79,81,79,81,83,80,,,
227216,79,78,78,80,79,78,75,76,78,78
484905,70,73,77,66,69,56,,,,
228909,,,,,,,,,,
127741,72,72,71,71,72,68,66,67,70,69
154095,83,84,81,86,80,85,83,81,82,83
204486,49,51,69,63,65,62,68,61,59,68
174491,82,77,83,83,82,80,79,80,78,76
152080,98,98,98,98,98,98,99,97,97,98
207342,,,,,,,,,,
207500,88,90,92,90,86,85,84,84,85,83
209551,86,85,86,87,88,87,87,85,86,86
215062,98,98,98,98,98,97,98,98,97,98
157535,63,60,57,56,58,55,52,52,50,54
215266,68,69,66,65,74,72,70,72,72,68
215275,60,67,65,79,78,76,83,75,80,78
215284,73,73,72,79,82,80,75,73,74,74
215293,93,93,93,92,92,93,91,93,90,92
209825,90,90,88,91,92,90,90,89,91,89
180258,58,52,69,59,65,54,69,66,55,59
243106,73,79,81,84,87,80,83,81,78,69
243115,82,80,96,85,83,79,79,82,77,73
243133,82,83,80,85,90,86,86,88,89,84
243142,70,79,73,76,75,80,84,83,79,76
243151,82,81,79,86,87,87,97,83,85,80
243179,87,84,80,87,90,91,87,88,82,82
243197,89,88,88,92,92,92,89,87,90,83
243203,,,,,,,,,,
243212,75,84,83,83,85,86,87,81,79,73
243221,84,84,77,90,92,90,90,92,87,85
243188,76,57,48,62,64,57,55,63,55,58
236328,81,81,86,86,86,87,87,87,88,86
121691,85,85,82,82,85,87,88,91,87,86
122603,,,,,,,,,,
217484,86,83,85,83,84,82,81,81,82,80
233374,94,93,93,93,93,94,94,93,94,93
205203,54,51,48,56,50,56,51,50,54,55
195030,94,95,97,96,96,96,96,96,95,95
152336,69,74,72,71,68,71,70,69,72,73
130314,79,83,77,75,68,79,77,80,75,78
488785,70,52,69,,,,,,,
155812,63,62,64,71,75,69,72,64,47,56
148885,,,,,,,,,,
122436,92,90,90,87,87,90,90,90,87,88
122612,85,83,85,86,83,87,86,88,84,85
207722,61,62,72,66,63,76,69,60,63,66
215929,88,87,87,87,88,89,90,87,88,89
219383,77,73,73,70,72,72,66,65,74,70
102094,74,74,78,73,73,71,68,66,65,66
218645,65,64,68,67,71,66,66,67,70,73
218654,57,63,62,54,58,51,56,50,54,52
218663,89,88,88,88,87,88,87,87,87,86
218742,67,65,68,68,70,73,66,66,67,69
219471,78,77,72,76,77,74,76,75,78,75
137351,91,91,90,90,88,89,89,90,88,88
451671,81,89,81,85,80,75,,,,
448840,83,74,78,70,70,65,60,69,76,71
123961,96,97,96,96,96,97,96,97,97,97
151306,67,72,70,70,71,72,69,67,65,69
161554,69,70,68,63,64,65,67,64,66,70
176372,68,72,71,74,73,74,72,75,72,77
148584,81,79,80,82,76,81,79,79,79,83
174914,87,86,88,88,89,85,88,88,88,89
227863,84,82,85,82,83,88,77,79,82,75
485537,,,,,,,,,,
228635,,,,,,,,,,
156541,69,62,62,66,65,60,52,63,62,56
131399,68,60,73,56,69,52,58,51,54,54
363721,,,,,,,,,,
225627,73,74,76,77,77,76,69,75,78,75
107558,67,75,60,73,75,68,69,67,59,64
120883,83,82,85,82,85,86,87,83,85,88
488846,63,,86,69,,,,,,
215132,85,84,85,85,90,88,88,84,83,85
188182,63,54,47,52,55,57,40,65,49,73
243665,66,77,67,75,73,75,68,70,70,72
449870,94,18,55,83,54,58,80,67,100,55
206084,76,76,74,74,72,70,68,62,65,65
207971,87,88,88,91,88,88,90,84,86,85
230764,89,89,90,90,89,89,88,88,87,85
216542,72,73,74,78,64,73,74,75,68,72
231174,87,87,86,87,86,87,86,85,85,87
234076,97,97,96,96,97,97,97,98,97,96
377555,83,87,88,84,84,83,79,78,86,82
236948,95,94,94,94,94,94,93,93,93,93
377564,80,81,76,76,78,71,78,73,76,73
101587,67,62,66,66,66,65,58,57,57,63
141334,69,69,72,72,72,74,71,71,74,73
210438,,,,,,,,,,
240268,82,81,82,84,80,82,82,83,84,80
240277,72,71,73,74,75,78,72,74,74,73
240329,84,86,83,86,85,86,87,86,85,86
240444,95,95,95,95,96,95,95,95,94,95
240453,76,73,74,72,72,70,70,69,70,73
491288,,,,,,,,,,
240365,74,78,77,76,78,78,75,76,74,78
240374,73,71,73,70,74,74,73,62,59,66
491297,,,,,,,,,,
240462,79,77,79,77,75,78,75,76,74,76
240471,74,76,75,74,74,76,72,69,72,76
240480,75,73,74,73,76,78,79,82,80,82
240417,72,70,69,73,76,76,73,70,71,75
240426,64,70,72,68,67,73,66,72,68,69
240189,80,82,78,82,81,80,77,80,77,79
240727,76,78,78,77,77,76,74,76,74,74
154493,64,71,56,63,42,67,72,68,56,61
440004,,,,,,,,,,
196307,,,,,,,,,,
494685,64,,,,,,,,,
455099,,,,,,,,,,
216524,87,89,85,84,86,92,89,90,89,90
206349,75,71,71,70,59,72,65,71,72,62
446604,97,98,98,95,98,97,95,93,98,89
230728,74,73,69,73,71,71,66,72,72,72
230737,65,64,66,63,63,59,61,61,62,65
197045,71,70,76,75,70,72,72,67,64,63
141264,70,65,69,71,70,69,69,67,67,68
138187,,,,,,,,,,70
200572,73,68,72,71,71,70,64,54,57,63
152600,84,80,83,86,82,84,86,87,81,82
221999,97,97,97,97,97,97,97,96,96,97
149639,92,93,71,85,80,87,71,86,82,94
123651,76,75,73,75,78,75,76,76,75,70
197133,96,96,96,96,94,95,96,96,96,96
188340,77,78,77,79,75,66,77,80,73,92
482228,87,37,33,86,25,100,50,,,
455992,,,,,,,,,,
231147,,,,,,,,,,
231165,69,77,62,70,78,71,70,70,67,70
197142,51,63,61,66,65,60,59,70,68,56
216597,96,96,95,95,96,94,94,94,94,95
152637,32,56,52,54,52,56,52,69,78,71
449834,,,,,,,,,,
234030,83,85,83,86,86,86,87,85,86,85
234085,83,89,87,84,92,89,84,82,87,83
233921,93,93,93,93,94,93,91,92,91,92
234155,65,66,71,74,73,61,65,65,71,74
234164,68,68,52,66,60,50,54,49,55,50
490106,,,,,,,,,,
234137,71,89,75,92,100,47,56,100,95,100
234173,59,62,63,61,65,66,67,67,64,63
449764,100,85,73,88,44,48,71,42,97,54
240107,83,77,71,80,78,71,81,76,71,71
218919,61,55,55,41,57,45,46,46,49,65
446613,,,,,,,,20,50,100
152673,91,86,87,92,85,89,85,86,83,89
197197,80,81,76,85,80,82,88,81,78,76
199847,94,96,94,95,93,93,93,94,93,94
236887,,,69,64,72,63,67,58,61,58
236896,78,84,86,81,76,79,77,83,76,78
172608,,,,,,,,,,
206437,75,77,74,83,78,76,73,74,75,76
210304,67,74,62,61,62,73,65,70,66,76
480198,,40,91,82,67,100,,,,
138275,64,55,57,53,72,73,49,59,57,67
199865,62,65,62,59,64,66,69,69,64,67
154527,78,79,79,80,80,74,81,76,81,79
154536,,,,,,,,,,
156082,69,70,73,72,68,65,65,67,62,66
216667,83,81,87,86,79,86,86,83,88,83
162210,60,79,78,75,69,60,71,72,69,69
234207,98,96,97,95,96,97,97,95,93,94
164216,81,84,85,86,82,85,81,85,81,85
236939,79,79,81,79,78,79,80,82,84,82
179867,97,97,97,96,96,97,96,96,97,97
392840,57,70,65,58,71,57,64,62,63,56
229780,41,49,42,51,54,45,47,47,50,57
181783,69,75,69,67,72,68,62,70,68,68
172644,79,79,81,82,77,76,77,75,77,77
216694,75,78,76,75,80,82,81,83,79,78
229799,58,56,60,54,48,50,50,45,50,50
197221,96,100,93,81,83,85,91,85,83,84
138293,55,49,52,43,56,57,52,52,49,50
230782,66,65,65,62,60,55,68,74,71,73
179894,79,78,79,75,78,77,81,79,80,78
190424,,,,,,,,,,
220206,73,64,79,80,86,73,72,69,66,62
168218,97,96,95,96,95,94,97,93,96,96
197230,71,70,70,79,77,69,73,70,69,61
236975,,,,62,67,63,61,60,61,58
168227,83,83,84,84,84,84,79,82,79,80
176451,,,,,,,,,,
131098,54,59,57,48,54,54,52,46,40,45
131973,,,,,,,,,,
141325,68,78,67,71,70,67,66,81,73,78
130697,97,96,95,94,95,96,95,95,94,98
216764,86,84,85,86,88,88,87,85,86,85
237932,71,72,71,72,70,66,68,71,67,74
125471,,100,,,67,59,70,63,61,65
229814,68,67,64,65,64,67,66,62,65,62
237880,,,,,,,,,,
237899,61,55,59,58,59,58,52,50,58,52
238032,79,76,80,79,79,77,77,77,78,80
237686,,,,,,50,70,67,67,61
237905,,,,,,,,93,100,94
237950,57,56,63,54,57,53,53,45,51,44
237969,76,70,74,70,72,73,65,64,67,70
200004,78,80,79,80,80,78,79,74,72,74
128391,65,70,64,69,69,70,68,63,63,59
130776,74,74,73,73,76,79,74,69,72,75
433387,73,,,74,75,73,75,89,81,76
149772,67,65,68,69,68,72,63,68,71,73
157951,73,71,70,73,72,73,72,71,73,74
172699,78,80,78,79,79,78,74,73,74,76
490373,,,,,,,,,,
172477,,,,,,,,,,
182564,,,,,57,,,,,
168254,76,78,78,78,78,76,75,78,79,77
188304,59,64,63,50,51,55,55,53,50,52
210429,74,69,72,74,69,70,69,70,68,72
210368,,,,,,,,,,
172705,,,,,,,,,,
112525,,,,,,,,,,
237011,82,81,81,82,82,83,83,85,84,85
168263,72,75,79,77,79,77,79,81,80,80
179946,77,76,73,76,83,78,78,83,76,81
230807,80,82,80,79,82,72,75,78,80,79
216807,78,77,78,85,87,82,86,87,86,85
216816,,,,,,,,,,
125718,,,,,,,,,,
125727,80,82,83,82,83,91,85,88,86,87
237039,,,,60,68,64,59,63,64,65
149781,93,92,93,95,95,93,94,95,95,95
168281,83,87,88,86,86,83,86,86,86,87
238078,46,68,64,71,72,74,67,75,71,68
237057,89,90,94,94,93,94,94,94,95,92
125763,79,76,78,76,80,87,83,87,83,82
237066,84,82,85,85,86,85,89,85,83,85
475200,,,,,,,,,,
156125,69,73,73,72,72,74,74,70,73,70
216852,82,78,80,82,78,76,75,71,72,73
206491,47,39,38,48,72,33,74,78,64,65
229887,51,39,56,66,56,52,50,51,54,58
216931,78,76,76,76,77,79,78,80,82,79
210401,84,83,86,86,87,83,86,86,88,89
231624,95,95,95,95,95,95,96,96,95,95
176479,100,85,85,83,81,72,77,76,77,77
166717,,,,,,,,,,
122728,78,83,73,76,74,79,82,82,78,76
179955,78,73,78,78,82,77,76,72,75,76
187444,69,70,77,75,75,76,75,77,76,79
199272,66,65,61,70,59,60,67,65,56,72
154590,56,53,53,51,54,63,61,57,60,56
179964,72,74,77,74,75,76,74,74,74,82
107877,49,52,70,49,59,58,59,58,55,60
168342,97,99,98,97,97,98,98,96,97,97
443340,100,67,100,0,75,75,25,56,42,50
206507,65,71,68,68,64,68,82,74,68,70
131113,60,58,66,58,60,61,64,64,58,56
217013,67,76,70,69,73,79,53,69,76,49
206516,,,,,,,,,,
199962,68,64,73,77,73,72,75,71,75,74
175272,77,78,78,77,81,76,78,78,79,75
199999,78,77,76,77,76,79,75,78,80,77
218964,70,75,76,73,77,77,72,73,72,69
240338,76,79,79,75,75,70,82,79,74,78
240213,,,,,,,,,,
206525,70,70,72,78,75,80,74,78,79,78
218973,92,88,89,86,87,89,89,89,87,89
491631,100,100,,,,,,,,
442064,,,,,,,,,,
488907,,,,,,,,,,
125897,84,77,73,78,82,79,75,83,71,77
168421,95,96,95,95,96,97,96,96,95,95
168430,79,79,80,78,77,82,80,78,80,75
401223,100,100,100,100,60,100,100,100,75,80
486460,,,,,,,,,,
206613,64,63,75,70,70,71,67,61,69,66
206604,62,64,65,66,67,66,62,56,62,71
206622,83,84,84,87,83,85,83,80,84,85
160904,70,75,72,72,74,71,72,65,69,66
237109,,,,,,60,61,58,61,56
130794,99,99,99,99,99,98,99,99,99,99
180717,,,,,,,,,,
490319,83,69,86,,,,,,,
491622,90,76,,,,,,,,
434937,0,50,75,86,33,100,100,,,
420325,53,37,50,100,100,100,67,88,86,40
197647,92,82,64,73,73,81,76,85,80,83
493716,90,,,,,,,,,
491914,91,100,,,,,,,,
375230,62,92,89,60,89,90,82,80,90,87
491640,90,78,,,,,,,,
481410,87,90,100,86,91,83,71,,,
491710,90,95,,,,,,,,
247773,60,85,100,93,89,100,100,50,91,65
493707,61,,,,,,,,,
488350,94,100,68,65,,,,,,
491613,76,70,,,,,,,,
476692,83,80,,29,50,100,67,25,,
197601,50,48,62,75,90,81,67,67,67,67
491057,80,57,83,,,,,,,
190752,80,80,80,82,83,50,86,,,
455257,94,100,99,100,100,97,85,92,100,88
197674,87,89,77,96,83,96,78,90,71,79
493594,69,,,,,,,,,
431983,89,85,85,96,92,92,100,100,100,87
126076,75,89,76,54,54,72,44,70,83,57
490504,75,27,100,,,,,,,
486017,71,13,100,0,67,,,,,
490276,72,73,84,,,,,,,
197692,77,86,100,93,100,92,90,92,0,88
441609,,,,,,100,100,100,100,100
486026,76,62,84,71,62,,,,,
451398,94,96,98,95,96,85,83,82,85,82
197708,91,87,90,87,94,95,93,95,94,95
494737,100,,,,,,,,,
481438,74,26,63,65,52,74,53,,,
487746,100,50,,60,,,,,,
363712,33,25,64,9,18,94,94,50,17,40
451370,86,86,40,56,70,75,100,,,
491765,,,,,,,,,,
488101,96,93,85,79,,,,,,
405058,85,72,93,83,88,79,80,68,86,95
493664,100,,,,,,,,,
217040,100,75,89,58,82,82,93,90,100,84
197735,97,93,94,96,95,98,98,99,100,100
197744,70,70,88,92,82,92,88,83,44,75
401250,,,,,,,,,,
181853,65,52,60,53,64,56,64,70,67,68
217059,81,77,81,78,78,79,75,73,76,76
141361,83,76,65,61,74,68,61,65,65,67
206695,73,76,77,75,75,70,69,69,65,69
204255,61,65,62,62,61,55,52,51,51,56
458575,,50,,75,60,,,,,
