UnitID,State_Abbr
177834,MO
180203,MT
222178,TX
138558,GA
451079,FL
457271,CA
108269,CA
210508,PA
384306,CA
126182,CO
188429,NY
374024,MN
142832,IL
168528,MI
133872,FL
138600,GA
200697,OH
100654,AL
483975,AL
100724,AL
102580,AK
102669,AK
188526,NY
188535,NY
188580,NY
138716,GA
385415,NY
128498,CT
168546,MI
132842,FL
241331,PR
210571,PA
175342,MS
495192,CA
237118,WV
188641,NY
156189,KY
210669,PA
200873,OH
152798,IA
217624,SC
168591,MI
168607,MI
210775,PA
238193,WI
222628,TX
490081,CA
142887,IL
219505,TN
210809,PA
485698,SC
109086,CA
108870,CA
164447,MA
142957,IL
116846,CA
188854,NY
240736,AS
131159,DC
241128,PR
241100,PR
164465,MA
100690,AL
151865,IN
150066,IN
217633,SC
138761,GA
168740,MI
222831,TX
164492,MA
109350,CA
483018,OH
458113,VA
485908,OH
245838,CA
245892,OH
245865,NH
442392,OH
245847,CA
245883,WA
237136,WV
449922,VA
432348,VA
197869,NC
168786,MI
176600,MO
126289,CO
211088,PA
105899,AZ
104151,AZ
483124,AZ
448886,AZ
420574,AZ
407009,AZ
106306,AR
488527,AR
106458,AR
106467,AR
222877,TX
201061,OH
109651,CA
156222,KY
156213,KY
201104,OH
188942,NY
164562,MA
440651,PR
201140,OH
100812,AL
138901,GA
439446,FL
241216,PR
100858,AL
100830,AL
173045,MN
482149,GA
143084,IL
219000,SD
201177,OH
143118,IL
222983,TX
222992,TX
247825,TX
219602,TN
223001,TX
442295,FL
446048,FL
231420,VA
449931,VA
176628,MO
109785,CA
164580,MA
206817,OK
128586,NY
476601,MD
245777,NY
490513,NJ
495031,NY
449658,NJ
168847,MI
154688,KS
109819,CA
420705,TX
201195,OH
150136,IN
189015,NY
176664,MO
219639,TN
223117,TX
444398,TX
155070,KS
189088,NY
167792,MA
189097,NY
177719,MO
132471,FL
197911,NC
235547,WA
160977,ME
380359,MI
164632,MA
223223,TX
223232,TX
476717,NY
384254,FL
164720,MA
444413,NY
175421,MS
156286,KY
234669,WA
180814,NE
238324,WI
234696,WA
197984,NC
219709,TN
238333,WI
173124,MN
217721,SC
154712,KS
145619,IL
165884,MA
197993,NC
230816,VT
164739,MA
156295,KY
461643,CA
108861,CA
164748,MA
139144,GA
485999,NY
189273,NY
183804,NJ
486196,NY
488314,NJ
237181,WV
154721,KS
486284,MN
173142,MN
143233,IN
154749,KS
262022,CA
173160,MN
219718,TN
150145,IN
110060,CA
486053,MN
132602,FL
139153,GA
443702,IL
196079,NY
110097,CA
100937,AL
442949,OR
200022,ND
219046,SD
143288,IL
143297,IL
183822,NJ
211158,PA
175430,MS
231554,VA
237215,WV
201371,OH
217749,SC
142090,ID
142115,ID
233356,VA
189413,NY
164872,MA
164614,MA
164924,MA
164915,MA
164988,MA
161004,ME
162007,MD
201432,OH
201441,OH
143358,IL
165015,MA
262086,CA
223506,TX
139199,GA
156356,KY
198066,NC
139205,GA
152992,IA
231581,VA
165024,MA
230047,HI
142522,ID
230038,UT
450304,TX
189501,NY
132709,FL
217156,RI
180878,NE
219790,TN
217165,RI
210492,PA
211273,PA
211291,PA
153001,IA
209409,OR
150163,IN
444103,PA
198109,NC
211352,PA
215114,PA
183910,NJ
494940,CA
110361,CA
110918,CA
110370,CA
478634,CA
485263,CA
474890,AZ
487649,CA
110316,CA
110404,CA
111081,CA
483586,CA
486488,CA
110413,CA
110422,CA
110529,CA
111188,CA
110486,CA
441937,CA
110538,CA
110547,CA
110574,CA
110556,CA
110565,CA
110583,CA
110592,CA
409698,CA
110608,CA
110617,CA
110510,CA
366711,CA
110495,CA
211361,PA
496043,CA
111391,CA
150172,IN
176789,MO
169099,MI
169080,MI
165167,MA
206914,OK
198136,NC
156365,KY
189705,NY
201548,OH
162061,MD
238430,WI
241377,PR
241386,PR
363907,PR
363916,PR
173258,MN
211431,PA
211440,PA
199971,NC
461032,NC
489937,NC
433174,NC
180106,MT
238458,WI
219806,TN
238476,WI
111638,CA
439190,WA
201645,OH
230834,VT
198215,NC
475398,WV
143659,IL
189848,NY
439367,CA
211468,PA
201654,OH
158477,LA
183974,NJ
241793,PR
232618,VA
106713,AR
154855,KS
176910,MO
153108,IA
128771,CT
445267,MO
176947,MO
169248,MI
201690,OH
234827,WA
240514,WY
488004,NY
189857,NY
234845,WA
156408,KY
180948,NE
141486,HI
492069,AR
230852,VT
111948,CA
111966,CA
217688,SC
444778,NC
128780,CT
211556,PA
211583,PA
211608,PA
181145,NE
437732,TX
492607,TX
144005,IL
144014,IL
133021,FL
198303,NC
494630,TX
189981,NY
219833,TN
150215,IN
231712,VA
112127,CA
201867,OH
201928,OH
217864,SC
244233,FL
406547,FL
434539,FL
234915,WA
457697,MO
217873,SC
112251,CA
488387,CA
112260,CA
124283,CA
211644,PA
138947,GA
234933,WA
201973,OH
165334,MA
153126,IA
211024,PA
180832,NE
190044,NY
139311,GA
156417,KY
169327,MI
217882,SC
202046,OH
202073,OH
202134,OH
177038,KS
217891,SC
234951,WA
218724,SC
153144,IA
217907,SC
161086,ME
182634,NH
241720,PR
190080,NY
190099,NY
169442,MI
388520,TX
132851,FL
217819,SC
139250,GA
413617,WI
243638,FM
193399,NY
167394,MA
174747,MN
181604,NE
142559,ID
182005,NV
190558,NY
160959,ME
166124,MA
376695,MH
178697,MO
493822,RI
448752,CO
448761,CO
247834,TX
126669,CO
126678,CO
127556,CO
126711,CO
126775,CO
128106,CO
126818,CO
476975,CO
234979,WA
177065,MO
217934,SC
144281,IL
112570,CA
238573,WI
217925,SC
139348,GA
190150,NY
202170,OH
139366,GA
126942,CO
459417,MI
177083,MO
237330,WV
190248,NY
173300,MN
177092,MO
150288,IN
224004,TX
169363,MI
144351,IL
112075,CA
180984,NE
208488,OR
173328,MN
238616,WI
493600,NY
128902,CT
241766,PR
217961,SC
165495,MA
190372,NY
162283,MD
210331,OR
153162,IA
190415,NY
170037,MI
235024,WA
177117,MO
139393,GA
177126,MO
176770,MO
169424,MI
181002,NE
475608,TX
106810,AR
174862,MN
190503,NY
177144,MO
219949,TN
190512,NY
190549,NY
190567,NY
190576,NY
190594,NY
190600,NY
190637,NY
190646,NY
190655,NY
190664,NY
190682,NY
190691,NY
165529,MA
211893,PA
113236,CA
496070,NY
190716,NY
190725,NY
219082,SD
219091,SD
224226,TX
224244,TX
224615,TX
224305,TX
139463,GA
492102,DC
182670,NH
169479,MI
198385,NC
237358,WV
194569,NY
133386,FL
165574,MA
202514,OH
130934,DE
130907,DE
211981,PA
113537,CA
175616,MS
202523,OH
126979,CO
144740,IL
150400,IN
154156,IA
210739,PA
434900,PR
443562,PR
449135,PR
469416,PR
212009,PA
200059,ND
158802,LA
105297,AZ
445869,VA
153241,IA
230171,UT
181020,NE
190761,NY
113704,CA
148496,IL
113698,CA
122117,CA
155007,KS
153250,IA
449481,FL
153269,IA
184348,NJ
212054,PA
177214,MO
492801,MO
198419,NC
175227,MN
212106,PA
150455,IN
198464,NC
207041,OK
139621,GA
212115,PA
220075,TN
224527,TX
144883,IL
129215,CT
132693,FL
144892,IL
156620,KY
232043,VA
169798,MI
165644,MA
187648,NM
208646,OR
212133,PA
231970,VA
235097,WA
446233,AR
133492,FL
247162,MI
177278,MO
238661,WI
212160,PA
235103,WA
243832,PR
241836,PR
494278,PR
494287,PR
492476,PR
442806,VA
133526,FL
198507,NC
212197,PA
486080,NY
144962,IL
190983,NY
198516,NC
133553,FL
104586,AZ
426314,FL
165662,MA
139630,GA
165671,MA
153302,IA
232025,VA
139658,GA
155025,KS
165699,MA
124487,CA
224712,TX
409254,IL
217998,SC
241951,PR
144971,IL
177339,MO
212443,PA
385619,FL
196680,NY
460376,VA
129242,CT
184694,NJ
184603,NJ
237367,WV
153320,IA
443049,WA
212452,MD
494597,FL
443058,OK
196042,NY
191126,NY
101189,AL
198543,NC
114433,CA
184612,NJ
169910,MI
232089,VA
114549,CA
172440,MI
165802,MA
220181,TN
165820,MA
133711,FL
133650,FL
133669,FL
133809,FL
135160,FL
433660,FL
133881,FL
480569,FL
133951,FL
133979,FL
482936,FL
134079,FL
133508,FL
133702,FL
134097,FL
177418,MO
114716,CA
191241,NY
155061,KS
127185,CO
139719,GA
165866,MA
218061,SC
160074,LA
114734,CA
205957,OH
212577,PA
150604,IN
182795,NH
202806,OH
441982,MA
220215,TN
114813,CA
155089,KS
127200,CO
156727,KY
162584,MD
114840,CA
218070,SC
481030,WV
131450,DC
224961,TX
212601,PA
198561,NC
145275,IL
456542,PA
212656,PA
208822,OR
232186,VA
131469,DC
156745,KY
131496,DC
139861,GA
447689,GA
139700,GA
139755,GA
485111,GA
139931,GA
139764,GA
139940,GA
184773,NJ
212674,PA
494551,NY
237385,WV
230889,VT
202903,OH
115083,CA
130989,DE
235316,WA
202912,OH
129154,CT
165936,MA
139968,GA
165945,MA
150668,IN
162654,MD
145336,IL
170000,MI
150677,IN
461528,NC
481058,CA
481401,TX
153366,IA
115214,CA
159009,LA
170082,MI
153375,IA
183257,NH
212771,PA
235334,WA
225070,TX
182306,NV
170091,MI
235343,WA
198598,NC
218113,SC
145372,IL
153384,IA
212805,PA
240745,GU
494560,TX
198613,NC
134343,FL
173647,MN
212832,PA
495314,NJ
225201,TX
191515,NY
173665,MN
232256,VA
166018,MA
232265,VA
177542,MO
150756,IN
225247,TX
107044,AR
177551,MO
446640,PA
129491,CT
191533,NY
166027,MA
115409,CA
155140,KS
181127,NE
111045,CA
212911,PA
141644,HI
173683,MN
166045,MA
145497,IL
203067,NY
203085,OH
191597,NY
166054,MA
107071,AR
107080,AR
170240,MI
198677,NC
101453,AL
235422,WA
200785,OH
140340,GA
101365,AL
459851,WI
459842,WI
240392,WI
174154,MN
433536,LA
386472,FL
155177,KS
198695,NC
485403,CA
235431,WA
191621,NY
170286,MI
203128,OH
191630,NY
134510,FL
367884,FL
191649,NY
232308,VA
129534,CT
150774,IN
239743,WI
212984,PA
115728,CA
457086,CA
162760,MD
443076,NC
170301,MI
120537,CA
457226,IN
191676,NY
225399,TX
246345,TX
225548,TX
131520,DC
164368,MA
242121,PR
115755,CA
115773,CA
101435,AL
150941,IN
449348,AL
487524,ME
225575,TX
193405,NY
142276,ID
127273,CO
434584,AK
145691,IL
145628,IL
145725,IL
145813,IL
145646,IL
213011,PA
465812,UT
495280,AZ
134608,FL
151290,IN
492962,IN
151324,IN
213020,PA
151351,IN
151388,IN
151333,IN
151360,IN
151111,IN
151342,IN
151379,IN
151801,IN
488679,IN
145886,IL
462044,ME
187745,NM
489335,CA
493363,SD
454838,CO
455804,DC
242626,PR
242635,PR
242644,PR
242705,PR
242680,PR
242699,PR
242653,PR
242662,PR
242617,PR
242723,PR
404222,PR
140146,GA
436614,AZ
448691,PA
443128,CA
191931,NY
153603,IA
153621,IA
441238,CA
191968,NY
170444,MI
175856,MS
101480,AL
134945,FL
232423,VA
225885,TX
192040,NY
107141,AR
203368,OH
116712,CA
462354,CA
162928,MD
445708,NC
439288,CO
414823,FL
460349,RI
217235,RI
198756,NC
220473,TN
132879,FL
101541,AL
146339,IL
461139,NC
213251,PA
170532,MI
155308,KS
177746,MO
179812,MO
490601,MO
155399,KS
155414,KS
185262,NJ
440031,CA
183062,NH
192165,NY
135081,FL
486840,GA
177816,MO
203447,OH
203456,OH
203526,OH
203517,OH
203492,OH
203465,OH
203474,OH
203483,OH
157100,KY
157030,KY
157058,KY
157076,KY
203535,OH
461847,NJ
203544,OH
169983,MI
192192,NY
213303,PA
220516,TN
213321,PA
146427,IL
213349,PA
171881,MI
213358,PA
213367,PA
117627,CA
165264,MA
260372,WI
213376,PA
213385,PA
140234,GA
117168,CA
203580,OH
407629,PA
146481,IL
146490,IL
170639,MI
235699,WA
135188,FL
238980,WI
146533,IL
226091,TX
213400,PA
213446,PA
218229,SC
247649,VT
220598,TN
207209,OK
240620,WY
226134,TX
166391,MA
117283,CA
170675,MI
239017,WI
192323,NY
220604,TN
213507,PA
220613,TN
198808,NC
213543,PA
198835,NC
166452,MA
226231,TX
209056,OR
146612,IL
142328,ID
157207,KY
232557,VA
117520,CA
117104,CA
140252,GA
218238,SC
146667,IL
146676,IL
220631,TN
177940,MO
117557,CA
213598,PA
177968,MO
157216,KY
209065,OR
437325,OR
437316,OR
219976,TN
198862,NC
213613,PA
177986,MO
117636,CA
227182,TX
192448,NY
232566,VA
166489,MA
203748,OH
153825,IA
474863,CA
159568,LA
159391,LA
159373,LA
435000,LA
159382,LA
159416,LA
159647,LA
157298,KY
203757,OH
235750,WA
117946,CA
146719,IL
163046,MD
159656,LA
226383,TX
153834,IA
135364,GA
173896,MN
146728,IL
213668,PA
132657,FL
106342,AR
173902,MN
192624,NY
146825,IL
238263,WI
170806,MI
182917,NH
153861,IA
161509,ME
161022,ME
161299,ME
490753,ME
203775,OH
151777,IN
155496,KS
192703,NY
192712,NY
192749,NY
213774,PA
213783,PA
446394,MD
239071,WI
192785,NY
239080,WI
151786,IN
203845,OH
192819,NY
230940,VT
440411,VT
239105,WI
198899,NC
123943,CA
237525,WV
173452,MN
220701,TN
151810,IN
232672,VA
163295,MD
164085,MD
118541,CA
192864,NY
232706,VA
220710,TN
178059,MO
213826,PA
166674,MA
167288,MA
166683,MA
166692,MA
369002,MA
173957,MN
200226,ND
146977,IL
164270,MD
147013,IL
226587,TX
159717,LA
155511,KS
166656,MA
147031,IL
490328,NY
192925,NY
239169,WI
218335,SC
220792,TN
220808,TN
220871,TN
118693,CA
140447,GA
193016,NY
153977,IA
203960,OH
213987,PA
198950,NC
166850,MA
193061,NY
193052,NY
193070,NY
417752,TX
213996,PA
147129,IL
203997,OH
198969,NC
190114,NY
174020,MN
127565,CO
166869,MA
135717,FL
204006,OH
204015,OH
204024,OH
169220,MI
171100,MI
169628,MI
171128,MI
245953,OK
151962,IN
199458,NC
481225,TN
155520,KS
482158,GA
220996,TN
220978,TN
230959,VT
119058,CA
226806,TX
181330,NE
157377,KY
178208,MO
226833,TX
143853,IL
423643,AZ
480985,UT
101675,AL
214041,PA
486901,TN
147244,IL
118888,CA
175980,MS
239309,WI
239318,WI
174127,MN
174358,MN
173920,MN
200253,ND
118912,CA
193247,NY
214069,PA
211130,PA
176053,MS
176080,MS
176035,MS
176044,MS
178244,MO
178341,MO
179566,MO
178411,MO
178369,MO
178387,MO
129774,CT
175281,MN
118976,CA
193292,NY
147341,IL
185572,NJ
262165,MT
180461,MT
180179,MT
180522,MT
180416,MT
185590,NJ
127954,CO
199032,NC
166911,MA
147369,IL
214148,PA
214157,PA
157386,KY
140553,GA
140562,GA
127617,CO
163453,MD
154004,IA
218399,SC
214166,PA
209241,OR
204176,OH
166939,MA
219198,SD
239390,WI
154013,IA
204200,OH
193353,NY
119173,CA
163462,MD
204194,OH
214175,PA
209287,OR
157401,KY
204264,OH
127653,CO
239424,WI
147536,IL
119605,CA
147590,IL
209296,OR
187596,NM
119678,CA
127714,CO
178518,MO
193584,NY
181376,NE
181297,NE
181446,NE
163532,MD
214272,PA
441900,NV
185758,NJ
262129,FL
182980,NH
167093,MA
217305,RI
167215,MA
208725,OR
185129,NJ
185828,NJ
187897,NM
187967,NM
188030,NM
159948,LA
440396,ID
366368,NY
193751,NY
418126,NY
194073,NY
439783,NY
194091,NY
193821,NY
193830,NY
194116,NY
193894,NY
193900,NY
218414,SC
155335,KS
193973,NY
159966,LA
167260,MA
232937,VA
461795,TX
199102,NC
199157,NC
199193,NC
199209,NC
147660,IL
204422,OH
174437,MN
200332,ND
136145,FL
218441,SC
147679,IL
236072,WA
444130,CA
204477,OH
147776,IL
439817,NY
207263,OK
167358,MA
482705,MA
105330,AZ
147697,IL
147703,IL
157447,KY
240790,MP
171456,MI
188058,NM
219259,SD
230913,VT
239512,WI
217606,MA
443030,IL
136233,FL
380377,WA
178624,MO
142461,ID
236133,WA
487603,WA
154101,IA
174507,MN
171483,MI
207306,OK
120166,CA
160038,LA
147767,IL
171492,MI
230995,VT
204468,OH
120184,CA
163578,MD
136215,FL
200086,ND
194161,NY
174525,MN
495059,CA
152099,IN
171571,MI
101912,AL
204501,OH
227289,TX
120254,CA
227304,TX
219277,SD
140696,GA
201964,OH
204617,OH
204635,OH
204671,OH
204796,OH
204680,OH
204699,OH
204705,OH
204820,OH
204802,OH
204848,OH
204857,OH
204839,OH
204866,OH
237640,WV
204909,OH
194189,NY
207403,OK
207324,OK
207458,OK
207351,OK
207315,OK
207564,OK
207388,OK
207397,OK
206835,OK
232982,VA
171599,MI
147828,IL
236188,WA
461120,TN
207582,OK
369659,OR
209490,OR
209506,OR
209542,OR
440828,OR
120403,CA
155636,KS
428259,WI
454582,KS
155627,KS
105367,AZ
464226,AZ
204936,OH
107512,AR
227331,TX
178679,MO
194310,NY
407610,OR
439862,GU
236230,WA
209603,OR
455406,WA
120768,CA
457484,HI
120795,CA
120838,CA
120865,CA
209612,OR
140720,GA
136330,FL
136358,FL
154174,IA
120698,CA
121628,CA
178721,MO
243823,TX
136400,FL
495916,CA
451927,VA
227429,TX
194392,NY
204990,OH
214883,PA
236258,WA
214971,PA
215053,PA
442356,PA
366252,PA
214616,PA
212018,PA
214777,PA
214801,PA
214689,PA
214698,PA
214704,PA
214731,PA
214740,PA
214591,PA
214759,PA
214607,PA
214786,PA
214713,PA
214768,PA
214670,PA
214795,PA
214625,PA
214810,PA
214652,PA
214634,PA
214643,PA
214829,PA
479956,PA
136473,FL
219842,TN
121150,CA
181534,NE
199306,NC
215123,PA
107600,AR
189282,NY
414966,OK
381459,AZ
140818,GA
235237,WA
127820,CO
440794,NJ
167455,MA
155681,KS
215415,PA
215424,PA
121257,CA
183080,NH
121309,CA
215442,PA
138868,GA
136516,FL
456481,FL
456490,FL
121345,CA
241395,PR
243586,PR
241410,PR
205027,OH
131405,DC
455813,DC
167464,MA
209807,OR
237701,WV
227526,TX
194578,NY
218539,SC
490045,CA
105589,AZ
219295,SD
486433,CA
186122,NJ
186131,NJ
148016,IL
455770,CA
217402,RI
127884,CO
151102,IN
489779,IN
490805,IN
243780,IN
199412,NC
148131,IL
130226,CT
384421,NJ
194657,NY
194693,NY
194666,NY
186186,NJ
194736,NY
405854,NY
484871,NY
205124,OH
194718,NJ
194763,NY
233277,VA
231837,VA
186201,NJ
207157,OK
233301,VA
233295,VA
178891,MO
215619,PA
127909,CO
209922,OR
215628,PA
490230,GA
231651,VA
167598,MA
127918,CO
140872,GA
492209,CA
475033,NY
223463,TX
460783,FL
412599,TN
366535,AL
445203,TX
451866,LA
129428,CT
194824,NY
236382,WA
149763,IL
217420,RI
217493,RI
221351,TN
227757,TX
441104,TN
186283,NJ
136774,FL
121886,CA
239628,WI
233408,VA
183211,NH
233426,VA
215655,PA
148335,IL
194958,NY
195003,NY
170967,MI
195049,NY
148405,IL
179043,MO
180595,MT
217518,RI
409616,RI
207661,OK
136950,FL
148487,IL
145558,IL
152318,IN
445735,NV
215691,PA
184782,NJ
148511,IL
195128,NY
176318,MS
186371,NJ
186380,NJ
186399,NJ
172033,MI
239637,WI
130253,CT
172051,MI
154235,IA
183239,NH
149028,IL
148876,IL
199582,NC
216047,PA
174783,MN
227845,TX
186618,NJ
148575,IL
215743,PA
195720,NY
167677,MA
137281,FL
174792,MN
160409,LA
161518,ME
215770,PA
137032,FL
179256,MO
179159,MO
179450,MO
236452,WA
152390,IN
123554,CA
174817,MN
152381,IN
152451,IN
231059,VT
239716,WI
179317,KS
186432,NJ
215798,PA
136701,FL
215813,PA
195580,NY
148627,IL
199607,NC
167729,MA
163851,MD
180647,MT
214564,PA
217536,RI
227881,TX
102049,AL
122296,CA
112084,CA
122375,CA
122409,CA
122454,CA
122506,CA
122597,CA
227979,TX
122649,CA
122755,CA
430670,PR
481535,CA
121619,CA
122931,CA
137096,FL
122977,CA
195304,NY
140951,GA
140960,GA
123095,CA
143048,IL
172200,MI
228042,TX
123165,CA
236513,WA
236577,WA
236595,WA
102058,AL
243498,PR
137209,FL
232885,VA
186584,NJ
215947,PA
195438,NY
123280,CA
123299,CA
199643,NC
205443,OH
233541,VA
237792,WV
461485,NC
218751,SC
480499,IA
216010,PA
140988,GA
195474,NY
172264,MI
182458,NV
461759,KY
167783,MA
154350,IA
123457,CA
205470,OH
219374,SD
219240,SD
231068,VT
200466,ND
236638,WA
195526,NY
216038,PA
167835,MA
230597,UT
399911,CA
123563,CA
123572,CA
123633,CA
218733,SC
219347,SD
219356,SD
366003,FL
137315,FL
482699,GA
236504,WA
409315,TX
228194,TX
417734,MO
179557,MO
176336,MS
199759,NC
233602,NC
160612,LA
207847,OK
137564,FL
221661,TN
107983,AR
123952,CA
117575,CA
117672,CA
221670,TN
130493,CT
149222,IL
149231,IL
228246,TX
206862,OK
183026,NH
210146,OR
160621,LA
160630,LA
440916,LA
230603,UT
233611,VA
217776,SC
179326,MO
420246,AZ
175078,MN
104188,AZ
228468,TX
228325,TX
494603,TX
228486,TX
207856,OK
155900,KS
188207,NM
123970,CA
207865,OK
228343,TX
157757,KY
218821,SC
141060,GA
148982,IL
236692,WA
236708,WA
172334,MI
102234,AL
167899,MA
475273,MA
195155,NY
195164,NY
175005,MN
195173,NY
123855,CA
195216,NY
154262,IA
174844,MN
137078,FL
199698,NC
137272,FL
245652,NM
163976,MD
148593,IL
195809,NY
195562,NY
195544,NY
163912,MD
228149,TX
195243,NY
137476,FL
243744,CA
123916,CA
135391,FL
196176,NY
228431,TX
179548,MO
155937,KS
231095,VT
137546,FL
186867,NJ
460899,ID
230621,UT
438151,UT
474906,ID
230630,UT
446677,UT
164173,MD
102270,AL
186876,NJ
366340,MT
167996,MA
196097,NY
168005,MA
228501,TX
447953,CA
181543,NE
196060,NY
196158,NY
196219,NY
196121,NY
196130,NY
196167,NY
196237,NY
196194,NY
196246,NY
196200,NY
196033,NY
196103,NY
196228,NY
196006,NY
196015,NY
196024,NY
196149,NY
196255,NY
196264,NY
196291,NY
196051,NY
196185,NY
196112,NY
216278,PA
216287,PA
233718,VA
196413,NY
155973,KS
236753,WA
102298,AL
137759,FL
137777,FL
186900,NJ
196440,NY
451404,NY
196431,NY
216311,PA
228529,TX
152530,IN
196468,NY
488800,CA
149329,IL
216339,PA
221838,TN
221847,TN
221731,TN
226152,TX
228723,TX
224554,TX
224147,TX
228705,TX
483036,TX
459949,TX
224545,TX
228866,TX
228875,TX
228884,TX
228981,TX
229063,TX
228459,TX
229115,TX
229337,TX
492689,TX
229160,TX
229179,TX
132408,FL
131283,DC
455433,CA
143978,IL
455664,CA
491190,CA
459745,DC
487153,LA
201821,OH
142294,ID
187134,NJ
195234,NY
174899,MN
133960,FL
206589,OH
492087,FL
235167,WA
191320,NY
146241,IL
192110,NY
454184,NY
439701,TX
117751,CA
167057,MA
193654,NY
495767,PA
475228,CA
125037,CA
104665,AZ
441131,WA
157748,KY
100751,AL
475237,CA
202763,OH
180489,MT
180692,MT
137847,FL
487010,TN
221740,TN
221759,TN
221768,TN
228769,TX
228778,TX
228787,TX
228796,TX
229027,TX
228802,TX
229300,TX
228644,TX
416801,TX
228653,TX
229018,TX
227368,TX
215105,PA
221519,TN
233897,VA
138354,FL
126012,CA
216348,PA
216357,PA
124292,CA
161563,ME
187046,NJ
126049,CA
216366,PA
183275,NH
157809,KY
141167,GA
206048,OH
141185,GA
196583,NY
176406,MS
196592,NY
459736,CA
459824,NV
459727,CA
164076,MD
445054,IL
157818,KY
221892,TN
206154,OH
152567,IN
414878,IN
137953,FL
200484,ND
149505,IL
130590,CT
137962,FL
146755,IL
216463,PA
135610,FL
149514,IL
123448,CA
229267,TX
131876,DC
196653,NY
102368,AL
182500,NV
141237,GA
178615,MO
168148,MA
160755,LA
200527,ND
221953,TN
102377,AL
229355,TX
246789,NY
491525,IN
157863,KY
181738,NE
196866,NY
206279,OH
233842,VA
196884,NY
221971,TN
213631,PA
128328,CO
130624,CT
197027,NY
197036,NY
164155,MD
102395,AL
197018,NY
206288,OH
175139,MN
200554,ND
161572,ME
376385,PR
241191,PR
243346,PR
241739,PR
243601,PR
483595,PR
241225,PR
243568,PR
243443,PR
441690,PR
243577,PR
241614,PR
196088,NY
200800,OH
100663,AL
100706,AL
102553,AK
102614,AK
102632,AK
104179,AZ
487296,AZ
106397,AR
106245,AR
106485,AR
106412,AR
106263,AR
493725,AR
108092,AR
161873,MD
128744,CT
110635,CA
110644,CA
110398,CA
110653,CA
110662,CA
445188,CA
110671,CA
110680,CA
110699,CA
110705,CA
110714,CA
106704,AR
132903,FL
176965,MO
206941,OK
237312,WV
144050,IL
201955,OH
201946,OH
201885,OH
126614,CO
126580,CO
126562,CO
129020,CT
436827,CT
463056,CT
436836,CT
436818,CT
224323,TX
202480,OH
130943,DE
127060,CO
169716,MI
153278,IA
150534,IN
134130,FL
484473,FL
457402,FL
139959,GA
240754,GU
129525,CT
141565,HI
141574,HI
141839,HI
141981,HI
179265,MO
160065,LA
225511,TX
225414,TX
225432,TX
225502,TX
142285,ID
145600,IL
148654,IL
145637,IL
151263,IN
153658,IA
200156,ND
155317,KS
157085,KY
117140,CA
160658,LA
159993,LA
157289,KY
232609,VA
161253,ME
161217,ME
161226,ME
161235,ME
161244,ME
161341,ME
200217,ND
226471,TX
232681,VA
163338,MD
163204,MD
163259,MD
163268,MD
163286,MD
166708,MA
166629,MA
166638,MA
167987,MA
166513,MA
220862,TN
135726,FL
170976,MI
171137,MI
171146,MI
174075,MN
174233,MN
174251,MN
456959,MN
174066,MN
176017,MS
178396,MO
178402,MO
178420,MO
101693,AL
101709,AL
199069,NC
204185,OH
181215,NE
181394,NE
181428,NE
181464,NE
182281,NV
182290,NV
161457,ME
183071,NH
182829,NH
183044,NH
129941,CT
187985,NM
159939,LA
101879,AL
199111,NC
199120,NC
199139,NC
199148,NC
199281,NC
199184,NC
199218,NC
200280,ND
136172,FL
482680,GA
227216,TX
484905,TX
228909,TX
127741,CO
154095,IA
204486,OH
174491,MN
152080,IN
207342,OK
207500,OK
209551,OR
215062,PA
157535,KY
215266,PA
215275,PA
215284,PA
215293,PA
209825,OR
180258,MT
243106,PR
243115,PR
243133,PR
243142,PR
243151,PR
243179,PR
243197,PR
243203,PR
243212,PR
243221,PR
243188,PR
236328,WA
121691,CA
122603,CA
217484,RI
233374,VA
205203,OH
195030,NY
152336,IN
130314,CT
488785,CA
155812,KS
148885,IL
122436,CA
122612,CA
207722,OK
215929,PA
219383,SD
102094,AL
218645,SC
218654,SC
218663,SC
218742,SC
219471,SD
137351,FL
451671,FL
448840,FL
123961,CA
151306,IN
161554,ME
176372,MS
148584,IL
227863,TX
174914,MN
485537,TX
228635,TX
156541,KY
131399,DC
363721,DC
225627,TX
107558,AR
120883,CA
488846,CA
215132,PA
188182,NM
243665,VI
449870,CA
206084,OH
207971,OK
230764,UT
216542,PA
231174,VT
234076,VA
377555,WA
236948,WA
377564,WA
101587,AL
141334,GA
210438,OR
240268,WI
240277,WI
240329,WI
240444,WI
240453,WI
491288,WI
240365,WI
240374,WI
491297,WI
240462,WI
240471,WI
240480,WI
240417,WI
240426,WI
240189,WI
240727,WY
154493,IA
440004,NH
196307,NY
494685,MO
455099,MO
216524,PA
206349,OH
446604,NY
230728,UT
230737,UT
197045,NY
141264,GA
138187,FL
200572,ND
152600,IN
221999,TN
149639,IL
123651,CA
197133,NY
188340,NY
482228,IN
455992,VT
231147,VT
231165,VT
197142,NY
216597,PA
152637,IN
449834,VA
234030,VA
234085,VA
233921,VA
234155,VA
234164,VA
490106,VA
234137,VA
234173,VA
449764,TN
240107,WI
218919,SC
446613,SC
152673,IN
197197,NY
199847,NC
236887,WA
236896,WA
172608,MI
206437,OH
210304,OR
480198,OR
138275,FL
199865,NC
154527,IA
154536,IA
156082,KS
216667,PA
162210,MD
234207,VA
164216,MD
236939,WA
179867,MO
392840,TN
229780,TX
181783,NE
172644,MI
216694,PA
229799,TX
197221,NY
138293,FL
230782,UT
179894,MO
190424,NY
220206,TN
168218,MA
197230,NY
236975,WA
168227,MA
176451,MS
131098,DE
131973,DC
141325,GA
130697,CT
216764,PA
237932,WV
125471,CA
229814,TX
237880,WV
237899,WV
238032,WV
237686,WV
237905,WV
237950,WV
237969,WV
200004,NC
128391,CO
130776,CT
433387,UT
149772,IL
157951,KY
172699,MI
490373,MI
172477,MI
182564,NV
168254,MA
188304,NM
210429,OR
210368,OR
172705,MI
112525,CA
237011,WA
168263,MA
179946,MO
230807,UT
216807,PA
216816,PA
125718,CA
125727,CA
237039,WA
149781,IL
168281,MA
238078,WV
237057,WA
125763,CA
237066,WA
475200,WA
156125,KS
216852,PA
206491,OH
229887,TX
216931,PA
210401,OR
231624,VA
176479,MS
166717,MA
122728,CA
179955,MO
187444,NJ
199272,NC
154590,IA
179964,MO
107877,AR
168342,MA
443340,TN
206507,OH
131113,DE
217013,PA
206516,OH
199962,NC
175272,MN
199999,NC
218964,SC
240338,WI
240213,WI
206525,OH
218973,SC
491631,MD
442064,PA
488907,NV
125897,CA
168421,MA
168430,MA
401223,CA
486460,WI
206613,OH
206604,OH
206622,OH
160904,LA
237109,WA
130794,CT
180717,MT
490319,NJ
491622,NJ
434937,MD
420325,NY
197647,NY
493716,NJ
491914,NJ
375230,NY
491640,NJ
481410,NY
491710,NJ
247773,MI
493707,NJ
488350,NJ
491613,NJ
476692,NJ
197601,NY
491057,NY
190752,NY
455257,NY
197674,NY
493594,NY
431983,NY
126076,CA
490504,NY
486017,NY
490276,NY
197692,NY
441609,NY
486026,NY
451398,NJ
197708,NY
494737,NY
481438,NJ
487746,NY
363712,FL
451370,NJ
491765,NJ
488101,NY
405058,NY
493664,NY
217040,PA
197735,NY
197744,NY
401250,CA
181853,NE
217059,PA
141361,GA
206695,OH
204255,OH
458575,CA
